2026-04-27 13:05:23,915 ERROR Unhandled exception on path=/
Traceback (most recent call last):
  File "C:\Users\ajayi\AppData\Local\Programs\Python\Python314\Lib\site-packages\starlette\middleware\errors.py", line 164, in __call__
    await self.app(scope, receive, _send)
  File "C:\Users\ajayi\AppData\Local\Programs\Python\Python314\Lib\site-packages\starlette\middleware\gzip.py", line 29, in __call__
    await responder(scope, receive, send)
  File "C:\Users\ajayi\AppData\Local\Programs\Python\Python314\Lib\site-packages\starlette\middleware\gzip.py", line 130, in __call__
    await super().__call__(scope, receive, send)
  File "C:\Users\ajayi\AppData\Local\Programs\Python\Python314\Lib\site-packages\starlette\middleware\gzip.py", line 46, in __call__
    await self.app(scope, receive, self.send_with_compression)
  File "C:\Users\ajayi\AppData\Local\Programs\Python\Python314\Lib\site-packages\starlette\middleware\exceptions.py", line 63, in __call__
    await wrap_app_handling_exceptions(self.app, conn)(scope, receive, send)
  File "C:\Users\ajayi\AppData\Local\Programs\Python\Python314\Lib\site-packages\starlette\_exception_handler.py", line 53, in wrapped_app
    raise exc
  File "C:\Users\ajayi\AppData\Local\Programs\Python\Python314\Lib\site-packages\starlette\_exception_handler.py", line 42, in wrapped_app
    await app(scope, receive, sender)
  File "C:\Users\ajayi\AppData\Local\Programs\Python\Python314\Lib\site-packages\fastapi\middleware\asyncexitstack.py", line 18, in __call__
    await self.app(scope, receive, send)
  File "C:\Users\ajayi\AppData\Local\Programs\Python\Python314\Lib\site-packages\starlette\routing.py", line 660, in __call__
    await self.middleware_stack(scope, receive, send)
  File "C:\Users\ajayi\AppData\Local\Programs\Python\Python314\Lib\site-packages\starlette\routing.py", line 680, in app
    await route.handle(scope, receive, send)
  File "C:\Users\ajayi\AppData\Local\Programs\Python\Python314\Lib\site-packages\starlette\routing.py", line 276, in handle
    await self.app(scope, receive, send)
  File "C:\Users\ajayi\AppData\Local\Programs\Python\Python314\Lib\site-packages\fastapi\routing.py", line 134, in app
    await wrap_app_handling_exceptions(app, request)(scope, receive, send)
  File "C:\Users\ajayi\AppData\Local\Programs\Python\Python314\Lib\site-packages\starlette\_exception_handler.py", line 53, in wrapped_app
    raise exc
  File "C:\Users\ajayi\AppData\Local\Programs\Python\Python314\Lib\site-packages\starlette\_exception_handler.py", line 42, in wrapped_app
    await app(scope, receive, sender)
  File "C:\Users\ajayi\AppData\Local\Programs\Python\Python314\Lib\site-packages\fastapi\routing.py", line 120, in app
    response = await f(request)
               ^^^^^^^^^^^^^^^^
  File "C:\Users\ajayi\AppData\Local\Programs\Python\Python314\Lib\site-packages\fastapi\routing.py", line 674, in app
    raw_response = await run_endpoint_function(
                   ^^^^^^^^^^^^^^^^^^^^^^^^^^^^
    ...<3 lines>...
    )
    ^
  File "C:\Users\ajayi\AppData\Local\Programs\Python\Python314\Lib\site-packages\fastapi\routing.py", line 328, in run_endpoint_function
    return await dependant.call(**values)
           ^^^^^^^^^^^^^^^^^^^^^^^^^^^^^^
  File "C:\Users\ajayi\OneDrive\Documents\BSc in Mathematical and Computer Science\3RD YEAR\1ST SEMESTER\COSC300\TravelIntel AI\app.py", line 229, in index
    return templates.TemplateResponse("index.html", {"request": request})
           ~~~~~~~~~~~~~~~~~~~~~~~~~~^^^^^^^^^^^^^^^^^^^^^^^^^^^^^^^^^^^^
  File "C:\Users\ajayi\AppData\Local\Programs\Python\Python314\Lib\site-packages\starlette\templating.py", line 148, in TemplateResponse
    template = self.get_template(name)
  File "C:\Users\ajayi\AppData\Local\Programs\Python\Python314\Lib\site-packages\starlette\templating.py", line 115, in get_template
    return self.env.get_template(name)
           ~~~~~~~~~~~~~~~~~~~~~^^^^^^
  File "C:\Users\ajayi\AppData\Local\Programs\Python\Python314\Lib\site-packages\jinja2\environment.py", line 1016, in get_template
    return self._load_template(name, globals)
           ~~~~~~~~~~~~~~~~~~~^^^^^^^^^^^^^^^
  File "C:\Users\ajayi\AppData\Local\Programs\Python\Python314\Lib\site-packages\jinja2\environment.py", line 964, in _load_template
    template = self.cache.get(cache_key)
  File "C:\Users\ajayi\AppData\Local\Programs\Python\Python314\Lib\site-packages\jinja2\utils.py", line 477, in get
    return self[key]
           ~~~~^^^^^
  File "C:\Users\ajayi\AppData\Local\Programs\Python\Python314\Lib\site-packages\jinja2\utils.py", line 515, in __getitem__
    rv = self._mapping[key]
         ~~~~~~~~~~~~~^^^^^
TypeError: cannot use 'tuple' as a dict key (unhashable type: 'dict')
2026-04-27 13:13:23,295 WARNING Admin login failure username=admin ip=127.0.0.1
2026-04-27 13:13:38,861 INFO Admin login success username=admin ip=127.0.0.1
2026-04-27 13:19:09,636 INFO Admin login success username=admin ip=127.0.0.1
2026-04-27 16:12:00,153 INFO Admin login success username=admin ip=127.0.0.1
2026-04-27 16:38:33,829 INFO Admin login success username=admin ip=127.0.0.1
2026-04-27 16:39:30,671 INFO Admin login success username=admin ip=127.0.0.1
2026-04-30 14:31:00,585 INFO Admin login success username=admin ip=127.0.0.1
2026-04-30 14:36:07,224 INFO Admin login success username=admin ip=127.0.0.1
2026-04-30 15:10:54,178 INFO Admin login success username=admin ip=127.0.0.1
2026-04-30 15:37:44,079 INFO Admin login success username=admin ip=127.0.0.1
2026-04-30 16:54:02,606 INFO Admin login success username=admin ip=127.0.0.1
2026-04-30 17:00:47,297 INFO Admin login success username=admin ip=127.0.0.1
2026-04-30 17:35:17,444 INFO Admin login success username=admin ip=127.0.0.1
2026-04-30 17:44:02,617 INFO Admin login success username=admin ip=127.0.0.1
2026-05-01 00:19:33,296 INFO Admin login success username=admin ip=127.0.0.1
2026-05-01 01:00:22,819 INFO Admin login success username=admin ip=127.0.0.1
2026-05-01 01:06:44,736 INFO Admin login success username=admin ip=127.0.0.1
2026-05-01 01:32:15,901 INFO Admin login success username=admin ip=127.0.0.1
2026-05-01 01:36:02,057 INFO Admin login success username=admin ip=127.0.0.1
2026-05-01 02:21:06,352 INFO Admin login success username=admin ip=127.0.0.1
2026-05-01 06:04:08,398 INFO Admin login success username=admin ip=127.0.0.1
2026-05-01 07:19:02,761 INFO Admin login success username=admin ip=127.0.0.1
2026-05-01 07:23:07,410 INFO Admin login success username=admin ip=127.0.0.1
2026-05-01 07:30:41,535 INFO Admin login success username=admin ip=127.0.0.1
2026-05-01 08:05:07,998 INFO Admin login success username=admin ip=127.0.0.1
2026-05-01 08:40:20,417 ERROR Unhandled exception on path=/api/reviews
Traceback (most recent call last):
  File "C:\Users\ajayi\OneDrive\Documents\BSc in Mathematical and Computer Science\3RD YEAR\1ST SEMESTER\COSC300\TravelIntel AI\venv\Lib\site-packages\starlette\middleware\errors.py", line 165, in __call__
    await self.app(scope, receive, _send)
  File "C:\Users\ajayi\OneDrive\Documents\BSc in Mathematical and Computer Science\3RD YEAR\1ST SEMESTER\COSC300\TravelIntel AI\venv\Lib\site-packages\starlette\middleware\gzip.py", line 20, in __call__
    await responder(scope, receive, send)
  File "C:\Users\ajayi\OneDrive\Documents\BSc in Mathematical and Computer Science\3RD YEAR\1ST SEMESTER\COSC300\TravelIntel AI\venv\Lib\site-packages\starlette\middleware\gzip.py", line 39, in __call__
    await self.app(scope, receive, self.send_with_gzip)
  File "C:\Users\ajayi\OneDrive\Documents\BSc in Mathematical and Computer Science\3RD YEAR\1ST SEMESTER\COSC300\TravelIntel AI\venv\Lib\site-packages\starlette\middleware\exceptions.py", line 62, in __call__
    await wrap_app_handling_exceptions(self.app, conn)(scope, receive, send)
  File "C:\Users\ajayi\OneDrive\Documents\BSc in Mathematical and Computer Science\3RD YEAR\1ST SEMESTER\COSC300\TravelIntel AI\venv\Lib\site-packages\starlette\_exception_handler.py", line 62, in wrapped_app
    raise exc
  File "C:\Users\ajayi\OneDrive\Documents\BSc in Mathematical and Computer Science\3RD YEAR\1ST SEMESTER\COSC300\TravelIntel AI\venv\Lib\site-packages\starlette\_exception_handler.py", line 51, in wrapped_app
    await app(scope, receive, sender)
  File "C:\Users\ajayi\OneDrive\Documents\BSc in Mathematical and Computer Science\3RD YEAR\1ST SEMESTER\COSC300\TravelIntel AI\venv\Lib\site-packages\starlette\routing.py", line 715, in __call__
    await self.middleware_stack(scope, receive, send)
  File "C:\Users\ajayi\OneDrive\Documents\BSc in Mathematical and Computer Science\3RD YEAR\1ST SEMESTER\COSC300\TravelIntel AI\venv\Lib\site-packages\starlette\routing.py", line 735, in app
    await route.handle(scope, receive, send)
  File "C:\Users\ajayi\OneDrive\Documents\BSc in Mathematical and Computer Science\3RD YEAR\1ST SEMESTER\COSC300\TravelIntel AI\venv\Lib\site-packages\starlette\routing.py", line 288, in handle
    await self.app(scope, receive, send)
  File "C:\Users\ajayi\OneDrive\Documents\BSc in Mathematical and Computer Science\3RD YEAR\1ST SEMESTER\COSC300\TravelIntel AI\venv\Lib\site-packages\starlette\routing.py", line 76, in app
    await wrap_app_handling_exceptions(app, request)(scope, receive, send)
  File "C:\Users\ajayi\OneDrive\Documents\BSc in Mathematical and Computer Science\3RD YEAR\1ST SEMESTER\COSC300\TravelIntel AI\venv\Lib\site-packages\starlette\_exception_handler.py", line 62, in wrapped_app
    raise exc
  File "C:\Users\ajayi\OneDrive\Documents\BSc in Mathematical and Computer Science\3RD YEAR\1ST SEMESTER\COSC300\TravelIntel AI\venv\Lib\site-packages\starlette\_exception_handler.py", line 51, in wrapped_app
    await app(scope, receive, sender)
  File "C:\Users\ajayi\OneDrive\Documents\BSc in Mathematical and Computer Science\3RD YEAR\1ST SEMESTER\COSC300\TravelIntel AI\venv\Lib\site-packages\starlette\routing.py", line 73, in app
    response = await f(request)
               ^^^^^^^^^^^^^^^^
  File "C:\Users\ajayi\OneDrive\Documents\BSc in Mathematical and Computer Science\3RD YEAR\1ST SEMESTER\COSC300\TravelIntel AI\venv\Lib\site-packages\fastapi\routing.py", line 301, in app
    raw_response = await run_endpoint_function(
                   ^^^^^^^^^^^^^^^^^^^^^^^^^^^^
    ...<3 lines>...
    )
    ^
  File "C:\Users\ajayi\OneDrive\Documents\BSc in Mathematical and Computer Science\3RD YEAR\1ST SEMESTER\COSC300\TravelIntel AI\venv\Lib\site-packages\fastapi\routing.py", line 212, in run_endpoint_function
    return await dependant.call(**values)
           ^^^^^^^^^^^^^^^^^^^^^^^^^^^^^^
  File "C:\Users\ajayi\OneDrive\Documents\BSc in Mathematical and Computer Science\3RD YEAR\1ST SEMESTER\COSC300\TravelIntel AI\app.py", line 942, in get_reviews_dashboard
    SUM(CASE WHEN sentiment_score < -0.1 THEN 1 ELSE 0 END) as negative
                     ^^^^^^^^^^^^^^
NameError: name 'google_summary' is not defined
2026-05-01 08:40:31,630 ERROR Unhandled exception on path=/api/reviews
Traceback (most recent call last):
  File "C:\Users\ajayi\OneDrive\Documents\BSc in Mathematical and Computer Science\3RD YEAR\1ST SEMESTER\COSC300\TravelIntel AI\venv\Lib\site-packages\starlette\middleware\errors.py", line 165, in __call__
    await self.app(scope, receive, _send)
  File "C:\Users\ajayi\OneDrive\Documents\BSc in Mathematical and Computer Science\3RD YEAR\1ST SEMESTER\COSC300\TravelIntel AI\venv\Lib\site-packages\starlette\middleware\gzip.py", line 20, in __call__
    await responder(scope, receive, send)
  File "C:\Users\ajayi\OneDrive\Documents\BSc in Mathematical and Computer Science\3RD YEAR\1ST SEMESTER\COSC300\TravelIntel AI\venv\Lib\site-packages\starlette\middleware\gzip.py", line 39, in __call__
    await self.app(scope, receive, self.send_with_gzip)
  File "C:\Users\ajayi\OneDrive\Documents\BSc in Mathematical and Computer Science\3RD YEAR\1ST SEMESTER\COSC300\TravelIntel AI\venv\Lib\site-packages\starlette\middleware\exceptions.py", line 62, in __call__
    await wrap_app_handling_exceptions(self.app, conn)(scope, receive, send)
  File "C:\Users\ajayi\OneDrive\Documents\BSc in Mathematical and Computer Science\3RD YEAR\1ST SEMESTER\COSC300\TravelIntel AI\venv\Lib\site-packages\starlette\_exception_handler.py", line 62, in wrapped_app
    raise exc
  File "C:\Users\ajayi\OneDrive\Documents\BSc in Mathematical and Computer Science\3RD YEAR\1ST SEMESTER\COSC300\TravelIntel AI\venv\Lib\site-packages\starlette\_exception_handler.py", line 51, in wrapped_app
    await app(scope, receive, sender)
  File "C:\Users\ajayi\OneDrive\Documents\BSc in Mathematical and Computer Science\3RD YEAR\1ST SEMESTER\COSC300\TravelIntel AI\venv\Lib\site-packages\starlette\routing.py", line 715, in __call__
    await self.middleware_stack(scope, receive, send)
  File "C:\Users\ajayi\OneDrive\Documents\BSc in Mathematical and Computer Science\3RD YEAR\1ST SEMESTER\COSC300\TravelIntel AI\venv\Lib\site-packages\starlette\routing.py", line 735, in app
    await route.handle(scope, receive, send)
  File "C:\Users\ajayi\OneDrive\Documents\BSc in Mathematical and Computer Science\3RD YEAR\1ST SEMESTER\COSC300\TravelIntel AI\venv\Lib\site-packages\starlette\routing.py", line 288, in handle
    await self.app(scope, receive, send)
  File "C:\Users\ajayi\OneDrive\Documents\BSc in Mathematical and Computer Science\3RD YEAR\1ST SEMESTER\COSC300\TravelIntel AI\venv\Lib\site-packages\starlette\routing.py", line 76, in app
    await wrap_app_handling_exceptions(app, request)(scope, receive, send)
  File "C:\Users\ajayi\OneDrive\Documents\BSc in Mathematical and Computer Science\3RD YEAR\1ST SEMESTER\COSC300\TravelIntel AI\venv\Lib\site-packages\starlette\_exception_handler.py", line 62, in wrapped_app
    raise exc
  File "C:\Users\ajayi\OneDrive\Documents\BSc in Mathematical and Computer Science\3RD YEAR\1ST SEMESTER\COSC300\TravelIntel AI\venv\Lib\site-packages\starlette\_exception_handler.py", line 51, in wrapped_app
    await app(scope, receive, sender)
  File "C:\Users\ajayi\OneDrive\Documents\BSc in Mathematical and Computer Science\3RD YEAR\1ST SEMESTER\COSC300\TravelIntel AI\venv\Lib\site-packages\starlette\routing.py", line 73, in app
    response = await f(request)
               ^^^^^^^^^^^^^^^^
  File "C:\Users\ajayi\OneDrive\Documents\BSc in Mathematical and Computer Science\3RD YEAR\1ST SEMESTER\COSC300\TravelIntel AI\venv\Lib\site-packages\fastapi\routing.py", line 301, in app
    raw_response = await run_endpoint_function(
                   ^^^^^^^^^^^^^^^^^^^^^^^^^^^^
    ...<3 lines>...
    )
    ^
  File "C:\Users\ajayi\OneDrive\Documents\BSc in Mathematical and Computer Science\3RD YEAR\1ST SEMESTER\COSC300\TravelIntel AI\venv\Lib\site-packages\fastapi\routing.py", line 212, in run_endpoint_function
    return await dependant.call(**values)
           ^^^^^^^^^^^^^^^^^^^^^^^^^^^^^^
  File "C:\Users\ajayi\OneDrive\Documents\BSc in Mathematical and Computer Science\3RD YEAR\1ST SEMESTER\COSC300\TravelIntel AI\app.py", line 942, in get_reviews_dashboard
    SUM(CASE WHEN sentiment_score < -0.1 THEN 1 ELSE 0 END) as negative
                     ^^^^^^^^^^^^^^
NameError: name 'google_summary' is not defined
2026-05-01 08:43:44,443 ERROR Unhandled exception on path=/api/reviews
Traceback (most recent call last):
  File "C:\Users\ajayi\OneDrive\Documents\BSc in Mathematical and Computer Science\3RD YEAR\1ST SEMESTER\COSC300\TravelIntel AI\venv\Lib\site-packages\starlette\middleware\errors.py", line 165, in __call__
    await self.app(scope, receive, _send)
  File "C:\Users\ajayi\OneDrive\Documents\BSc in Mathematical and Computer Science\3RD YEAR\1ST SEMESTER\COSC300\TravelIntel AI\venv\Lib\site-packages\starlette\middleware\gzip.py", line 20, in __call__
    await responder(scope, receive, send)
  File "C:\Users\ajayi\OneDrive\Documents\BSc in Mathematical and Computer Science\3RD YEAR\1ST SEMESTER\COSC300\TravelIntel AI\venv\Lib\site-packages\starlette\middleware\gzip.py", line 39, in __call__
    await self.app(scope, receive, self.send_with_gzip)
  File "C:\Users\ajayi\OneDrive\Documents\BSc in Mathematical and Computer Science\3RD YEAR\1ST SEMESTER\COSC300\TravelIntel AI\venv\Lib\site-packages\starlette\middleware\exceptions.py", line 62, in __call__
    await wrap_app_handling_exceptions(self.app, conn)(scope, receive, send)
  File "C:\Users\ajayi\OneDrive\Documents\BSc in Mathematical and Computer Science\3RD YEAR\1ST SEMESTER\COSC300\TravelIntel AI\venv\Lib\site-packages\starlette\_exception_handler.py", line 62, in wrapped_app
    raise exc
  File "C:\Users\ajayi\OneDrive\Documents\BSc in Mathematical and Computer Science\3RD YEAR\1ST SEMESTER\COSC300\TravelIntel AI\venv\Lib\site-packages\starlette\_exception_handler.py", line 51, in wrapped_app
    await app(scope, receive, sender)
  File "C:\Users\ajayi\OneDrive\Documents\BSc in Mathematical and Computer Science\3RD YEAR\1ST SEMESTER\COSC300\TravelIntel AI\venv\Lib\site-packages\starlette\routing.py", line 715, in __call__
    await self.middleware_stack(scope, receive, send)
  File "C:\Users\ajayi\OneDrive\Documents\BSc in Mathematical and Computer Science\3RD YEAR\1ST SEMESTER\COSC300\TravelIntel AI\venv\Lib\site-packages\starlette\routing.py", line 735, in app
    await route.handle(scope, receive, send)
  File "C:\Users\ajayi\OneDrive\Documents\BSc in Mathematical and Computer Science\3RD YEAR\1ST SEMESTER\COSC300\TravelIntel AI\venv\Lib\site-packages\starlette\routing.py", line 288, in handle
    await self.app(scope, receive, send)
  File "C:\Users\ajayi\OneDrive\Documents\BSc in Mathematical and Computer Science\3RD YEAR\1ST SEMESTER\COSC300\TravelIntel AI\venv\Lib\site-packages\starlette\routing.py", line 76, in app
    await wrap_app_handling_exceptions(app, request)(scope, receive, send)
  File "C:\Users\ajayi\OneDrive\Documents\BSc in Mathematical and Computer Science\3RD YEAR\1ST SEMESTER\COSC300\TravelIntel AI\venv\Lib\site-packages\starlette\_exception_handler.py", line 62, in wrapped_app
    raise exc
  File "C:\Users\ajayi\OneDrive\Documents\BSc in Mathematical and Computer Science\3RD YEAR\1ST SEMESTER\COSC300\TravelIntel AI\venv\Lib\site-packages\starlette\_exception_handler.py", line 51, in wrapped_app
    await app(scope, receive, sender)
  File "C:\Users\ajayi\OneDrive\Documents\BSc in Mathematical and Computer Science\3RD YEAR\1ST SEMESTER\COSC300\TravelIntel AI\venv\Lib\site-packages\starlette\routing.py", line 73, in app
    response = await f(request)
               ^^^^^^^^^^^^^^^^
  File "C:\Users\ajayi\OneDrive\Documents\BSc in Mathematical and Computer Science\3RD YEAR\1ST SEMESTER\COSC300\TravelIntel AI\venv\Lib\site-packages\fastapi\routing.py", line 301, in app
    raw_response = await run_endpoint_function(
                   ^^^^^^^^^^^^^^^^^^^^^^^^^^^^
    ...<3 lines>...
    )
    ^
  File "C:\Users\ajayi\OneDrive\Documents\BSc in Mathematical and Computer Science\3RD YEAR\1ST SEMESTER\COSC300\TravelIntel AI\venv\Lib\site-packages\fastapi\routing.py", line 212, in run_endpoint_function
    return await dependant.call(**values)
           ^^^^^^^^^^^^^^^^^^^^^^^^^^^^^^
  File "C:\Users\ajayi\OneDrive\Documents\BSc in Mathematical and Computer Science\3RD YEAR\1ST SEMESTER\COSC300\TravelIntel AI\app.py", line 942, in get_reviews_dashboard
    SUM(CASE WHEN sentiment_score < -0.1 THEN 1 ELSE 0 END) as negative
                     ^^^^^^^^^^^^^^
NameError: name 'google_summary' is not defined
2026-05-01 08:51:59,247 ERROR Unhandled exception on path=/api/reviews
Traceback (most recent call last):
  File "C:\Users\ajayi\OneDrive\Documents\BSc in Mathematical and Computer Science\3RD YEAR\1ST SEMESTER\COSC300\TravelIntel AI\venv\Lib\site-packages\starlette\middleware\errors.py", line 165, in __call__
    await self.app(scope, receive, _send)
  File "C:\Users\ajayi\OneDrive\Documents\BSc in Mathematical and Computer Science\3RD YEAR\1ST SEMESTER\COSC300\TravelIntel AI\venv\Lib\site-packages\starlette\middleware\gzip.py", line 20, in __call__
    await responder(scope, receive, send)
  File "C:\Users\ajayi\OneDrive\Documents\BSc in Mathematical and Computer Science\3RD YEAR\1ST SEMESTER\COSC300\TravelIntel AI\venv\Lib\site-packages\starlette\middleware\gzip.py", line 39, in __call__
    await self.app(scope, receive, self.send_with_gzip)
  File "C:\Users\ajayi\OneDrive\Documents\BSc in Mathematical and Computer Science\3RD YEAR\1ST SEMESTER\COSC300\TravelIntel AI\venv\Lib\site-packages\starlette\middleware\exceptions.py", line 62, in __call__
    await wrap_app_handling_exceptions(self.app, conn)(scope, receive, send)
  File "C:\Users\ajayi\OneDrive\Documents\BSc in Mathematical and Computer Science\3RD YEAR\1ST SEMESTER\COSC300\TravelIntel AI\venv\Lib\site-packages\starlette\_exception_handler.py", line 62, in wrapped_app
    raise exc
  File "C:\Users\ajayi\OneDrive\Documents\BSc in Mathematical and Computer Science\3RD YEAR\1ST SEMESTER\COSC300\TravelIntel AI\venv\Lib\site-packages\starlette\_exception_handler.py", line 51, in wrapped_app
    await app(scope, receive, sender)
  File "C:\Users\ajayi\OneDrive\Documents\BSc in Mathematical and Computer Science\3RD YEAR\1ST SEMESTER\COSC300\TravelIntel AI\venv\Lib\site-packages\starlette\routing.py", line 715, in __call__
    await self.middleware_stack(scope, receive, send)
  File "C:\Users\ajayi\OneDrive\Documents\BSc in Mathematical and Computer Science\3RD YEAR\1ST SEMESTER\COSC300\TravelIntel AI\venv\Lib\site-packages\starlette\routing.py", line 735, in app
    await route.handle(scope, receive, send)
  File "C:\Users\ajayi\OneDrive\Documents\BSc in Mathematical and Computer Science\3RD YEAR\1ST SEMESTER\COSC300\TravelIntel AI\venv\Lib\site-packages\starlette\routing.py", line 288, in handle
    await self.app(scope, receive, send)
  File "C:\Users\ajayi\OneDrive\Documents\BSc in Mathematical and Computer Science\3RD YEAR\1ST SEMESTER\COSC300\TravelIntel AI\venv\Lib\site-packages\starlette\routing.py", line 76, in app
    await wrap_app_handling_exceptions(app, request)(scope, receive, send)
  File "C:\Users\ajayi\OneDrive\Documents\BSc in Mathematical and Computer Science\3RD YEAR\1ST SEMESTER\COSC300\TravelIntel AI\venv\Lib\site-packages\starlette\_exception_handler.py", line 62, in wrapped_app
    raise exc
  File "C:\Users\ajayi\OneDrive\Documents\BSc in Mathematical and Computer Science\3RD YEAR\1ST SEMESTER\COSC300\TravelIntel AI\venv\Lib\site-packages\starlette\_exception_handler.py", line 51, in wrapped_app
    await app(scope, receive, sender)
  File "C:\Users\ajayi\OneDrive\Documents\BSc in Mathematical and Computer Science\3RD YEAR\1ST SEMESTER\COSC300\TravelIntel AI\venv\Lib\site-packages\starlette\routing.py", line 73, in app
    response = await f(request)
               ^^^^^^^^^^^^^^^^
  File "C:\Users\ajayi\OneDrive\Documents\BSc in Mathematical and Computer Science\3RD YEAR\1ST SEMESTER\COSC300\TravelIntel AI\venv\Lib\site-packages\fastapi\routing.py", line 301, in app
    raw_response = await run_endpoint_function(
                   ^^^^^^^^^^^^^^^^^^^^^^^^^^^^
    ...<3 lines>...
    )
    ^
  File "C:\Users\ajayi\OneDrive\Documents\BSc in Mathematical and Computer Science\3RD YEAR\1ST SEMESTER\COSC300\TravelIntel AI\venv\Lib\site-packages\fastapi\routing.py", line 212, in run_endpoint_function
    return await dependant.call(**values)
           ^^^^^^^^^^^^^^^^^^^^^^^^^^^^^^
  File "C:\Users\ajayi\OneDrive\Documents\BSc in Mathematical and Computer Science\3RD YEAR\1ST SEMESTER\COSC300\TravelIntel AI\app.py", line 942, in get_reviews_dashboard
    SUM(CASE WHEN sentiment_score > 0.1 THEN 1 ELSE 0 END) as positive,
                     ^^^^^^^^^^^^^^
NameError: name 'google_summary' is not defined
2026-05-01 08:52:03,580 ERROR Unhandled exception on path=/api/reviews
Traceback (most recent call last):
  File "C:\Users\ajayi\OneDrive\Documents\BSc in Mathematical and Computer Science\3RD YEAR\1ST SEMESTER\COSC300\TravelIntel AI\venv\Lib\site-packages\starlette\middleware\errors.py", line 165, in __call__
    await self.app(scope, receive, _send)
  File "C:\Users\ajayi\OneDrive\Documents\BSc in Mathematical and Computer Science\3RD YEAR\1ST SEMESTER\COSC300\TravelIntel AI\venv\Lib\site-packages\starlette\middleware\gzip.py", line 20, in __call__
    await responder(scope, receive, send)
  File "C:\Users\ajayi\OneDrive\Documents\BSc in Mathematical and Computer Science\3RD YEAR\1ST SEMESTER\COSC300\TravelIntel AI\venv\Lib\site-packages\starlette\middleware\gzip.py", line 39, in __call__
    await self.app(scope, receive, self.send_with_gzip)
  File "C:\Users\ajayi\OneDrive\Documents\BSc in Mathematical and Computer Science\3RD YEAR\1ST SEMESTER\COSC300\TravelIntel AI\venv\Lib\site-packages\starlette\middleware\exceptions.py", line 62, in __call__
    await wrap_app_handling_exceptions(self.app, conn)(scope, receive, send)
  File "C:\Users\ajayi\OneDrive\Documents\BSc in Mathematical and Computer Science\3RD YEAR\1ST SEMESTER\COSC300\TravelIntel AI\venv\Lib\site-packages\starlette\_exception_handler.py", line 62, in wrapped_app
    raise exc
  File "C:\Users\ajayi\OneDrive\Documents\BSc in Mathematical and Computer Science\3RD YEAR\1ST SEMESTER\COSC300\TravelIntel AI\venv\Lib\site-packages\starlette\_exception_handler.py", line 51, in wrapped_app
    await app(scope, receive, sender)
  File "C:\Users\ajayi\OneDrive\Documents\BSc in Mathematical and Computer Science\3RD YEAR\1ST SEMESTER\COSC300\TravelIntel AI\venv\Lib\site-packages\starlette\routing.py", line 715, in __call__
    await self.middleware_stack(scope, receive, send)
  File "C:\Users\ajayi\OneDrive\Documents\BSc in Mathematical and Computer Science\3RD YEAR\1ST SEMESTER\COSC300\TravelIntel AI\venv\Lib\site-packages\starlette\routing.py", line 735, in app
    await route.handle(scope, receive, send)
  File "C:\Users\ajayi\OneDrive\Documents\BSc in Mathematical and Computer Science\3RD YEAR\1ST SEMESTER\COSC300\TravelIntel AI\venv\Lib\site-packages\starlette\routing.py", line 288, in handle
    await self.app(scope, receive, send)
  File "C:\Users\ajayi\OneDrive\Documents\BSc in Mathematical and Computer Science\3RD YEAR\1ST SEMESTER\COSC300\TravelIntel AI\venv\Lib\site-packages\starlette\routing.py", line 76, in app
    await wrap_app_handling_exceptions(app, request)(scope, receive, send)
  File "C:\Users\ajayi\OneDrive\Documents\BSc in Mathematical and Computer Science\3RD YEAR\1ST SEMESTER\COSC300\TravelIntel AI\venv\Lib\site-packages\starlette\_exception_handler.py", line 62, in wrapped_app
    raise exc
  File "C:\Users\ajayi\OneDrive\Documents\BSc in Mathematical and Computer Science\3RD YEAR\1ST SEMESTER\COSC300\TravelIntel AI\venv\Lib\site-packages\starlette\_exception_handler.py", line 51, in wrapped_app
    await app(scope, receive, sender)
  File "C:\Users\ajayi\OneDrive\Documents\BSc in Mathematical and Computer Science\3RD YEAR\1ST SEMESTER\COSC300\TravelIntel AI\venv\Lib\site-packages\starlette\routing.py", line 73, in app
    response = await f(request)
               ^^^^^^^^^^^^^^^^
  File "C:\Users\ajayi\OneDrive\Documents\BSc in Mathematical and Computer Science\3RD YEAR\1ST SEMESTER\COSC300\TravelIntel AI\venv\Lib\site-packages\fastapi\routing.py", line 301, in app
    raw_response = await run_endpoint_function(
                   ^^^^^^^^^^^^^^^^^^^^^^^^^^^^
    ...<3 lines>...
    )
    ^
  File "C:\Users\ajayi\OneDrive\Documents\BSc in Mathematical and Computer Science\3RD YEAR\1ST SEMESTER\COSC300\TravelIntel AI\venv\Lib\site-packages\fastapi\routing.py", line 212, in run_endpoint_function
    return await dependant.call(**values)
           ^^^^^^^^^^^^^^^^^^^^^^^^^^^^^^
  File "C:\Users\ajayi\OneDrive\Documents\BSc in Mathematical and Computer Science\3RD YEAR\1ST SEMESTER\COSC300\TravelIntel AI\app.py", line 942, in get_reviews_dashboard
    SUM(CASE WHEN sentiment_score > 0.1 THEN 1 ELSE 0 END) as positive,
                     ^^^^^^^^^^^^^^
NameError: name 'google_summary' is not defined
2026-05-01 09:09:41,899 INFO Generated 3-digit OTP 643 for ajayipeter135@gmail.com
2026-05-01 09:10:51,185 INFO Admin login success username=admin ip=127.0.0.1
2026-05-01 09:19:46,208 INFO Generated 3-digit OTP 913 for ajayipeter135@gmail.com
2026-05-01 09:20:39,524 ERROR Unhandled exception on path=/api/reviews
Traceback (most recent call last):
  File "C:\Users\ajayi\OneDrive\Documents\BSc in Mathematical and Computer Science\3RD YEAR\1ST SEMESTER\COSC300\TravelIntel AI\venv\Lib\site-packages\starlette\middleware\errors.py", line 165, in __call__
    await self.app(scope, receive, _send)
  File "C:\Users\ajayi\OneDrive\Documents\BSc in Mathematical and Computer Science\3RD YEAR\1ST SEMESTER\COSC300\TravelIntel AI\venv\Lib\site-packages\starlette\middleware\gzip.py", line 20, in __call__
    await responder(scope, receive, send)
  File "C:\Users\ajayi\OneDrive\Documents\BSc in Mathematical and Computer Science\3RD YEAR\1ST SEMESTER\COSC300\TravelIntel AI\venv\Lib\site-packages\starlette\middleware\gzip.py", line 39, in __call__
    await self.app(scope, receive, self.send_with_gzip)
  File "C:\Users\ajayi\OneDrive\Documents\BSc in Mathematical and Computer Science\3RD YEAR\1ST SEMESTER\COSC300\TravelIntel AI\venv\Lib\site-packages\starlette\middleware\exceptions.py", line 62, in __call__
    await wrap_app_handling_exceptions(self.app, conn)(scope, receive, send)
  File "C:\Users\ajayi\OneDrive\Documents\BSc in Mathematical and Computer Science\3RD YEAR\1ST SEMESTER\COSC300\TravelIntel AI\venv\Lib\site-packages\starlette\_exception_handler.py", line 62, in wrapped_app
    raise exc
  File "C:\Users\ajayi\OneDrive\Documents\BSc in Mathematical and Computer Science\3RD YEAR\1ST SEMESTER\COSC300\TravelIntel AI\venv\Lib\site-packages\starlette\_exception_handler.py", line 51, in wrapped_app
    await app(scope, receive, sender)
  File "C:\Users\ajayi\OneDrive\Documents\BSc in Mathematical and Computer Science\3RD YEAR\1ST SEMESTER\COSC300\TravelIntel AI\venv\Lib\site-packages\starlette\routing.py", line 715, in __call__
    await self.middleware_stack(scope, receive, send)
  File "C:\Users\ajayi\OneDrive\Documents\BSc in Mathematical and Computer Science\3RD YEAR\1ST SEMESTER\COSC300\TravelIntel AI\venv\Lib\site-packages\starlette\routing.py", line 735, in app
    await route.handle(scope, receive, send)
  File "C:\Users\ajayi\OneDrive\Documents\BSc in Mathematical and Computer Science\3RD YEAR\1ST SEMESTER\COSC300\TravelIntel AI\venv\Lib\site-packages\starlette\routing.py", line 288, in handle
    await self.app(scope, receive, send)
  File "C:\Users\ajayi\OneDrive\Documents\BSc in Mathematical and Computer Science\3RD YEAR\1ST SEMESTER\COSC300\TravelIntel AI\venv\Lib\site-packages\starlette\routing.py", line 76, in app
    await wrap_app_handling_exceptions(app, request)(scope, receive, send)
  File "C:\Users\ajayi\OneDrive\Documents\BSc in Mathematical and Computer Science\3RD YEAR\1ST SEMESTER\COSC300\TravelIntel AI\venv\Lib\site-packages\starlette\_exception_handler.py", line 62, in wrapped_app
    raise exc
  File "C:\Users\ajayi\OneDrive\Documents\BSc in Mathematical and Computer Science\3RD YEAR\1ST SEMESTER\COSC300\TravelIntel AI\venv\Lib\site-packages\starlette\_exception_handler.py", line 51, in wrapped_app
    await app(scope, receive, sender)
  File "C:\Users\ajayi\OneDrive\Documents\BSc in Mathematical and Computer Science\3RD YEAR\1ST SEMESTER\COSC300\TravelIntel AI\venv\Lib\site-packages\starlette\routing.py", line 73, in app
    response = await f(request)
               ^^^^^^^^^^^^^^^^
  File "C:\Users\ajayi\OneDrive\Documents\BSc in Mathematical and Computer Science\3RD YEAR\1ST SEMESTER\COSC300\TravelIntel AI\venv\Lib\site-packages\fastapi\routing.py", line 301, in app
    raw_response = await run_endpoint_function(
                   ^^^^^^^^^^^^^^^^^^^^^^^^^^^^
    ...<3 lines>...
    )
    ^
  File "C:\Users\ajayi\OneDrive\Documents\BSc in Mathematical and Computer Science\3RD YEAR\1ST SEMESTER\COSC300\TravelIntel AI\venv\Lib\site-packages\fastapi\routing.py", line 212, in run_endpoint_function
    return await dependant.call(**values)
           ^^^^^^^^^^^^^^^^^^^^^^^^^^^^^^
  File "C:\Users\ajayi\OneDrive\Documents\BSc in Mathematical and Computer Science\3RD YEAR\1ST SEMESTER\COSC300\TravelIntel AI\app.py", line 942, in get_reviews_dashboard
    reviews = [dict(row) for row in rows]
                                ^^^^^^^^^
NameError: name 'google_summary' is not defined
2026-05-01 09:20:40,060 ERROR Unhandled exception on path=/api/reviews
Traceback (most recent call last):
  File "C:\Users\ajayi\OneDrive\Documents\BSc in Mathematical and Computer Science\3RD YEAR\1ST SEMESTER\COSC300\TravelIntel AI\venv\Lib\site-packages\starlette\middleware\errors.py", line 165, in __call__
    await self.app(scope, receive, _send)
  File "C:\Users\ajayi\OneDrive\Documents\BSc in Mathematical and Computer Science\3RD YEAR\1ST SEMESTER\COSC300\TravelIntel AI\venv\Lib\site-packages\starlette\middleware\gzip.py", line 20, in __call__
    await responder(scope, receive, send)
  File "C:\Users\ajayi\OneDrive\Documents\BSc in Mathematical and Computer Science\3RD YEAR\1ST SEMESTER\COSC300\TravelIntel AI\venv\Lib\site-packages\starlette\middleware\gzip.py", line 39, in __call__
    await self.app(scope, receive, self.send_with_gzip)
  File "C:\Users\ajayi\OneDrive\Documents\BSc in Mathematical and Computer Science\3RD YEAR\1ST SEMESTER\COSC300\TravelIntel AI\venv\Lib\site-packages\starlette\middleware\exceptions.py", line 62, in __call__
    await wrap_app_handling_exceptions(self.app, conn)(scope, receive, send)
  File "C:\Users\ajayi\OneDrive\Documents\BSc in Mathematical and Computer Science\3RD YEAR\1ST SEMESTER\COSC300\TravelIntel AI\venv\Lib\site-packages\starlette\_exception_handler.py", line 62, in wrapped_app
    raise exc
  File "C:\Users\ajayi\OneDrive\Documents\BSc in Mathematical and Computer Science\3RD YEAR\1ST SEMESTER\COSC300\TravelIntel AI\venv\Lib\site-packages\starlette\_exception_handler.py", line 51, in wrapped_app
    await app(scope, receive, sender)
  File "C:\Users\ajayi\OneDrive\Documents\BSc in Mathematical and Computer Science\3RD YEAR\1ST SEMESTER\COSC300\TravelIntel AI\venv\Lib\site-packages\starlette\routing.py", line 715, in __call__
    await self.middleware_stack(scope, receive, send)
  File "C:\Users\ajayi\OneDrive\Documents\BSc in Mathematical and Computer Science\3RD YEAR\1ST SEMESTER\COSC300\TravelIntel AI\venv\Lib\site-packages\starlette\routing.py", line 735, in app
    await route.handle(scope, receive, send)
  File "C:\Users\ajayi\OneDrive\Documents\BSc in Mathematical and Computer Science\3RD YEAR\1ST SEMESTER\COSC300\TravelIntel AI\venv\Lib\site-packages\starlette\routing.py", line 288, in handle
    await self.app(scope, receive, send)
  File "C:\Users\ajayi\OneDrive\Documents\BSc in Mathematical and Computer Science\3RD YEAR\1ST SEMESTER\COSC300\TravelIntel AI\venv\Lib\site-packages\starlette\routing.py", line 76, in app
    await wrap_app_handling_exceptions(app, request)(scope, receive, send)
  File "C:\Users\ajayi\OneDrive\Documents\BSc in Mathematical and Computer Science\3RD YEAR\1ST SEMESTER\COSC300\TravelIntel AI\venv\Lib\site-packages\starlette\_exception_handler.py", line 62, in wrapped_app
    raise exc
  File "C:\Users\ajayi\OneDrive\Documents\BSc in Mathematical and Computer Science\3RD YEAR\1ST SEMESTER\COSC300\TravelIntel AI\venv\Lib\site-packages\starlette\_exception_handler.py", line 51, in wrapped_app
    await app(scope, receive, sender)
  File "C:\Users\ajayi\OneDrive\Documents\BSc in Mathematical and Computer Science\3RD YEAR\1ST SEMESTER\COSC300\TravelIntel AI\venv\Lib\site-packages\starlette\routing.py", line 73, in app
    response = await f(request)
               ^^^^^^^^^^^^^^^^
  File "C:\Users\ajayi\OneDrive\Documents\BSc in Mathematical and Computer Science\3RD YEAR\1ST SEMESTER\COSC300\TravelIntel AI\venv\Lib\site-packages\fastapi\routing.py", line 301, in app
    raw_response = await run_endpoint_function(
                   ^^^^^^^^^^^^^^^^^^^^^^^^^^^^
    ...<3 lines>...
    )
    ^
  File "C:\Users\ajayi\OneDrive\Documents\BSc in Mathematical and Computer Science\3RD YEAR\1ST SEMESTER\COSC300\TravelIntel AI\venv\Lib\site-packages\fastapi\routing.py", line 212, in run_endpoint_function
    return await dependant.call(**values)
           ^^^^^^^^^^^^^^^^^^^^^^^^^^^^^^
  File "C:\Users\ajayi\OneDrive\Documents\BSc in Mathematical and Computer Science\3RD YEAR\1ST SEMESTER\COSC300\TravelIntel AI\app.py", line 942, in get_reviews_dashboard
    reviews = [dict(row) for row in rows]
                                ^^^^^^^^^
NameError: name 'google_summary' is not defined
2026-05-01 09:24:27,272 INFO Admin login success username=admin ip=127.0.0.1
2026-05-01 09:24:31,933 ERROR Unhandled exception on path=/api/reviews
Traceback (most recent call last):
  File "C:\Users\ajayi\OneDrive\Documents\BSc in Mathematical and Computer Science\3RD YEAR\1ST SEMESTER\COSC300\TravelIntel AI\venv\Lib\site-packages\starlette\middleware\errors.py", line 165, in __call__
    await self.app(scope, receive, _send)
  File "C:\Users\ajayi\OneDrive\Documents\BSc in Mathematical and Computer Science\3RD YEAR\1ST SEMESTER\COSC300\TravelIntel AI\venv\Lib\site-packages\starlette\middleware\gzip.py", line 20, in __call__
    await responder(scope, receive, send)
  File "C:\Users\ajayi\OneDrive\Documents\BSc in Mathematical and Computer Science\3RD YEAR\1ST SEMESTER\COSC300\TravelIntel AI\venv\Lib\site-packages\starlette\middleware\gzip.py", line 39, in __call__
    await self.app(scope, receive, self.send_with_gzip)
  File "C:\Users\ajayi\OneDrive\Documents\BSc in Mathematical and Computer Science\3RD YEAR\1ST SEMESTER\COSC300\TravelIntel AI\venv\Lib\site-packages\starlette\middleware\exceptions.py", line 62, in __call__
    await wrap_app_handling_exceptions(self.app, conn)(scope, receive, send)
  File "C:\Users\ajayi\OneDrive\Documents\BSc in Mathematical and Computer Science\3RD YEAR\1ST SEMESTER\COSC300\TravelIntel AI\venv\Lib\site-packages\starlette\_exception_handler.py", line 62, in wrapped_app
    raise exc
  File "C:\Users\ajayi\OneDrive\Documents\BSc in Mathematical and Computer Science\3RD YEAR\1ST SEMESTER\COSC300\TravelIntel AI\venv\Lib\site-packages\starlette\_exception_handler.py", line 51, in wrapped_app
    await app(scope, receive, sender)
  File "C:\Users\ajayi\OneDrive\Documents\BSc in Mathematical and Computer Science\3RD YEAR\1ST SEMESTER\COSC300\TravelIntel AI\venv\Lib\site-packages\starlette\routing.py", line 715, in __call__
    await self.middleware_stack(scope, receive, send)
  File "C:\Users\ajayi\OneDrive\Documents\BSc in Mathematical and Computer Science\3RD YEAR\1ST SEMESTER\COSC300\TravelIntel AI\venv\Lib\site-packages\starlette\routing.py", line 735, in app
    await route.handle(scope, receive, send)
  File "C:\Users\ajayi\OneDrive\Documents\BSc in Mathematical and Computer Science\3RD YEAR\1ST SEMESTER\COSC300\TravelIntel AI\venv\Lib\site-packages\starlette\routing.py", line 288, in handle
    await self.app(scope, receive, send)
  File "C:\Users\ajayi\OneDrive\Documents\BSc in Mathematical and Computer Science\3RD YEAR\1ST SEMESTER\COSC300\TravelIntel AI\venv\Lib\site-packages\starlette\routing.py", line 76, in app
    await wrap_app_handling_exceptions(app, request)(scope, receive, send)
  File "C:\Users\ajayi\OneDrive\Documents\BSc in Mathematical and Computer Science\3RD YEAR\1ST SEMESTER\COSC300\TravelIntel AI\venv\Lib\site-packages\starlette\_exception_handler.py", line 62, in wrapped_app
    raise exc
  File "C:\Users\ajayi\OneDrive\Documents\BSc in Mathematical and Computer Science\3RD YEAR\1ST SEMESTER\COSC300\TravelIntel AI\venv\Lib\site-packages\starlette\_exception_handler.py", line 51, in wrapped_app
    await app(scope, receive, sender)
  File "C:\Users\ajayi\OneDrive\Documents\BSc in Mathematical and Computer Science\3RD YEAR\1ST SEMESTER\COSC300\TravelIntel AI\venv\Lib\site-packages\starlette\routing.py", line 73, in app
    response = await f(request)
               ^^^^^^^^^^^^^^^^
  File "C:\Users\ajayi\OneDrive\Documents\BSc in Mathematical and Computer Science\3RD YEAR\1ST SEMESTER\COSC300\TravelIntel AI\venv\Lib\site-packages\fastapi\routing.py", line 301, in app
    raw_response = await run_endpoint_function(
                   ^^^^^^^^^^^^^^^^^^^^^^^^^^^^
    ...<3 lines>...
    )
    ^
  File "C:\Users\ajayi\OneDrive\Documents\BSc in Mathematical and Computer Science\3RD YEAR\1ST SEMESTER\COSC300\TravelIntel AI\venv\Lib\site-packages\fastapi\routing.py", line 212, in run_endpoint_function
    return await dependant.call(**values)
           ^^^^^^^^^^^^^^^^^^^^^^^^^^^^^^
  File "C:\Users\ajayi\OneDrive\Documents\BSc in Mathematical and Computer Science\3RD YEAR\1ST SEMESTER\COSC300\TravelIntel AI\app.py", line 942, in get_reviews_dashboard
    reviews = [dict(row) for row in rows]
                                ^^^^^^^^^
NameError: name 'google_summary' is not defined
2026-05-01 09:24:34,638 ERROR Unhandled exception on path=/api/reviews
Traceback (most recent call last):
  File "C:\Users\ajayi\OneDrive\Documents\BSc in Mathematical and Computer Science\3RD YEAR\1ST SEMESTER\COSC300\TravelIntel AI\venv\Lib\site-packages\starlette\middleware\errors.py", line 165, in __call__
    await self.app(scope, receive, _send)
  File "C:\Users\ajayi\OneDrive\Documents\BSc in Mathematical and Computer Science\3RD YEAR\1ST SEMESTER\COSC300\TravelIntel AI\venv\Lib\site-packages\starlette\middleware\gzip.py", line 20, in __call__
    await responder(scope, receive, send)
  File "C:\Users\ajayi\OneDrive\Documents\BSc in Mathematical and Computer Science\3RD YEAR\1ST SEMESTER\COSC300\TravelIntel AI\venv\Lib\site-packages\starlette\middleware\gzip.py", line 39, in __call__
    await self.app(scope, receive, self.send_with_gzip)
  File "C:\Users\ajayi\OneDrive\Documents\BSc in Mathematical and Computer Science\3RD YEAR\1ST SEMESTER\COSC300\TravelIntel AI\venv\Lib\site-packages\starlette\middleware\exceptions.py", line 62, in __call__
    await wrap_app_handling_exceptions(self.app, conn)(scope, receive, send)
  File "C:\Users\ajayi\OneDrive\Documents\BSc in Mathematical and Computer Science\3RD YEAR\1ST SEMESTER\COSC300\TravelIntel AI\venv\Lib\site-packages\starlette\_exception_handler.py", line 62, in wrapped_app
    raise exc
  File "C:\Users\ajayi\OneDrive\Documents\BSc in Mathematical and Computer Science\3RD YEAR\1ST SEMESTER\COSC300\TravelIntel AI\venv\Lib\site-packages\starlette\_exception_handler.py", line 51, in wrapped_app
    await app(scope, receive, sender)
  File "C:\Users\ajayi\OneDrive\Documents\BSc in Mathematical and Computer Science\3RD YEAR\1ST SEMESTER\COSC300\TravelIntel AI\venv\Lib\site-packages\starlette\routing.py", line 715, in __call__
    await self.middleware_stack(scope, receive, send)
  File "C:\Users\ajayi\OneDrive\Documents\BSc in Mathematical and Computer Science\3RD YEAR\1ST SEMESTER\COSC300\TravelIntel AI\venv\Lib\site-packages\starlette\routing.py", line 735, in app
    await route.handle(scope, receive, send)
  File "C:\Users\ajayi\OneDrive\Documents\BSc in Mathematical and Computer Science\3RD YEAR\1ST SEMESTER\COSC300\TravelIntel AI\venv\Lib\site-packages\starlette\routing.py", line 288, in handle
    await self.app(scope, receive, send)
  File "C:\Users\ajayi\OneDrive\Documents\BSc in Mathematical and Computer Science\3RD YEAR\1ST SEMESTER\COSC300\TravelIntel AI\venv\Lib\site-packages\starlette\routing.py", line 76, in app
    await wrap_app_handling_exceptions(app, request)(scope, receive, send)
  File "C:\Users\ajayi\OneDrive\Documents\BSc in Mathematical and Computer Science\3RD YEAR\1ST SEMESTER\COSC300\TravelIntel AI\venv\Lib\site-packages\starlette\_exception_handler.py", line 62, in wrapped_app
    raise exc
  File "C:\Users\ajayi\OneDrive\Documents\BSc in Mathematical and Computer Science\3RD YEAR\1ST SEMESTER\COSC300\TravelIntel AI\venv\Lib\site-packages\starlette\_exception_handler.py", line 51, in wrapped_app
    await app(scope, receive, sender)
  File "C:\Users\ajayi\OneDrive\Documents\BSc in Mathematical and Computer Science\3RD YEAR\1ST SEMESTER\COSC300\TravelIntel AI\venv\Lib\site-packages\starlette\routing.py", line 73, in app
    response = await f(request)
               ^^^^^^^^^^^^^^^^
  File "C:\Users\ajayi\OneDrive\Documents\BSc in Mathematical and Computer Science\3RD YEAR\1ST SEMESTER\COSC300\TravelIntel AI\venv\Lib\site-packages\fastapi\routing.py", line 301, in app
    raw_response = await run_endpoint_function(
                   ^^^^^^^^^^^^^^^^^^^^^^^^^^^^
    ...<3 lines>...
    )
    ^
  File "C:\Users\ajayi\OneDrive\Documents\BSc in Mathematical and Computer Science\3RD YEAR\1ST SEMESTER\COSC300\TravelIntel AI\venv\Lib\site-packages\fastapi\routing.py", line 212, in run_endpoint_function
    return await dependant.call(**values)
           ^^^^^^^^^^^^^^^^^^^^^^^^^^^^^^
  File "C:\Users\ajayi\OneDrive\Documents\BSc in Mathematical and Computer Science\3RD YEAR\1ST SEMESTER\COSC300\TravelIntel AI\app.py", line 942, in get_reviews_dashboard
    reviews = [dict(row) for row in rows]
                                ^^^^^^^^^
NameError: name 'google_summary' is not defined
2026-05-01 09:29:48,079 INFO Admin login success username=admin ip=127.0.0.1
2026-05-01 09:30:46,528 INFO Admin login success username=admin ip=127.0.0.1
2026-05-01 09:31:45,188 INFO Admin login success username=admin ip=127.0.0.1
2026-05-01 09:37:36,625 INFO Admin login success username=admin ip=127.0.0.1
2026-05-01 09:46:11,606 INFO Admin login success username=admin ip=127.0.0.1
2026-05-01 09:47:41,784 INFO Admin login success username=admin ip=127.0.0.1
2026-05-01 09:49:42,821 INFO Admin login success username=admin ip=127.0.0.1
2026-05-01 10:03:28,251 INFO Admin login success username=admin ip=127.0.0.1
2026-05-01 10:30:02,907 INFO Admin login success username=admin ip=127.0.0.1
2026-05-01 10:33:19,366 INFO Admin login success username=admin ip=127.0.0.1
2026-05-01 10:40:37,839 INFO Admin login success username=admin ip=127.0.0.1
2026-05-01 10:46:21,275 INFO Admin login success username=admin ip=127.0.0.1
2026-05-01 10:56:09,912 WARNING Admin login failure username=admin ip=127.0.0.1
2026-05-01 10:56:19,028 INFO Admin login success username=admin ip=127.0.0.1
2026-05-01 10:56:33,632 INFO Admin login success username=admin ip=127.0.0.1
2026-05-01 10:58:09,590 INFO Admin login success username=admin ip=127.0.0.1
2026-05-01 10:59:23,127 INFO Admin login success username=admin ip=127.0.0.1
2026-05-01 11:00:40,048 INFO Admin login success username=admin ip=127.0.0.1
2026-05-01 11:04:00,584 INFO Admin login success username=admin ip=127.0.0.1
2026-05-01 11:15:19,085 INFO Admin login success username=admin ip=127.0.0.1
2026-05-01 11:41:09,260 INFO Admin login success username=admin ip=127.0.0.1
2026-05-01 11:46:53,970 INFO Generated 3-digit OTP 949 for test@gmail.com
2026-05-01 11:53:15,260 INFO Admin login success username=admin ip=127.0.0.1
2026-05-01 11:54:29,954 INFO Admin login success username=admin ip=127.0.0.1
2026-05-01 11:56:02,209 INFO Admin login success username=admin ip=127.0.0.1
2026-05-01 12:13:11,059 INFO Admin login success username=admin ip=127.0.0.1
2026-05-01 12:16:51,470 WARNING Admin login failure username=admin ip=127.0.0.1
2026-05-01 12:17:00,236 WARNING Admin login failure username=admin ip=127.0.0.1
2026-05-01 12:17:01,657 WARNING Admin login failure username=admin ip=127.0.0.1
2026-05-01 12:17:03,543 WARNING Admin login failure username=admin ip=127.0.0.1
2026-05-01 12:17:11,669 INFO Admin login success username=admin ip=127.0.0.1
2026-05-01 12:23:35,635 INFO Generated 3-digit OTP 618 for ajayipeter135@gmail.com
2026-05-01 12:24:03,251 INFO Generated 3-digit OTP 717 for ajayipeter135@gmail.com
2026-05-01 12:24:36,124 INFO Admin login success username=admin ip=127.0.0.1
2026-05-01 12:27:13,664 INFO Admin login success username=admin ip=127.0.0.1
2026-09-06 21:35:51,639 WARNING RESEND_API_KEY is not configured; bootstrap admin email was not sent to skalahante@gmail.com
2026-09-06 22:05:49,666 WARNING RESEND_API_KEY is not configured; bootstrap admin email was not sent to skalahante@gmail.com
2026-09-06 22:06:05,688 WARNING RESEND_API_KEY is not configured; bootstrap admin email was not sent to skalahante@gmail.com
2026-09-06 22:07:05,715 WARNING RESEND_API_KEY is not configured; bootstrap admin email was not sent to skalahante@gmail.com
2026-09-06 22:12:16,013 ERROR Failed to send bootstrap administrator credentials
Traceback (most recent call last):
  File "C:\Users\ajayi\OneDrive\Documents\GitHub\travel-7\app.py", line 119, in lifespan
    sent = send_bootstrap_admin_email(bootstrap["email"], bootstrap["username"], os.getenv("DEFAULT_ADMIN_PASSWORD", "TravelIntel#ChangeMe2026"))
  File "C:\Users\ajayi\OneDrive\Documents\GitHub\travel-7\app.py", line 318, in send_bootstrap_admin_email
    resend.Emails.send({
    ~~~~~~~~~~~~~~~~~~^^
        "from": "TravelIntel AI <reset@notify.moviewatchtv.fun>",
        ^^^^^^^^^^^^^^^^^^^^^^^^^^^^^^^^^^^^^^^^^^^^^^^^^^^^^^^^^
    ...<7 lines>...
        <p>If you did not expect this account, contact the system owner immediately.</p>"""
        ^^^^^^^^^^^^^^^^^^^^^^^^^^^^^^^^^^^^^^^^^^^^^^^^^^^^^^^^^^^^^^^^^^^^^^^^^^^^^^^^^^^
    })
    ^^
  File "C:\Users\ajayi\AppData\Local\Programs\Python\Python314\Lib\site-packages\resend\emails\_emails.py", line 286, in send
    ).perform_with_content()
      ~~~~~~~~~~~~~~~~~~~~^^
  File "C:\Users\ajayi\AppData\Local\Programs\Python\Python314\Lib\site-packages\resend\request.py", line 70, in perform_with_content
    resp = self.perform()
  File "C:\Users\ajayi\AppData\Local\Programs\Python\Python314\Lib\site-packages\resend\request.py", line 50, in perform
    raise_for_code_and_type(
    ~~~~~~~~~~~~~~~~~~~~~~~^
        code=error_code or 500,
        ^^^^^^^^^^^^^^^^^^^^^^^
    ...<10 lines>...
        headers=self._response_headers,
        ^^^^^^^^^^^^^^^^^^^^^^^^^^^^^^^
    )
    ^
  File "C:\Users\ajayi\AppData\Local\Programs\Python\Python314\Lib\site-packages\resend\exceptions.py", line 273, in raise_for_code_and_type
    raise ResendError(
    ...<5 lines>...
    )
resend.exceptions.ResendError: API key is invalid
2026-09-06 22:12:53,267 ERROR Failed to send verification email to ajayipeter135@gmail.com
Traceback (most recent call last):
  File "C:\Users\ajayi\OneDrive\Documents\GitHub\travel-7\app.py", line 337, in send_verification_email
    resend.Emails.send({
    ~~~~~~~~~~~~~~~~~~^^
        "from": "TravelIntel AI <verify@notify.moviewatchtv.fun>",
        ^^^^^^^^^^^^^^^^^^^^^^^^^^^^^^^^^^^^^^^^^^^^^^^^^^^^^^^^^^
    ...<24 lines>...
        """
        ^^^
    })
    ^^
  File "C:\Users\ajayi\AppData\Local\Programs\Python\Python314\Lib\site-packages\resend\emails\_emails.py", line 286, in send
    ).perform_with_content()
      ~~~~~~~~~~~~~~~~~~~~^^
  File "C:\Users\ajayi\AppData\Local\Programs\Python\Python314\Lib\site-packages\resend\request.py", line 70, in perform_with_content
    resp = self.perform()
  File "C:\Users\ajayi\AppData\Local\Programs\Python\Python314\Lib\site-packages\resend\request.py", line 50, in perform
    raise_for_code_and_type(
    ~~~~~~~~~~~~~~~~~~~~~~~^
        code=error_code or 500,
        ^^^^^^^^^^^^^^^^^^^^^^^
    ...<10 lines>...
        headers=self._response_headers,
        ^^^^^^^^^^^^^^^^^^^^^^^^^^^^^^^
    )
    ^
  File "C:\Users\ajayi\AppData\Local\Programs\Python\Python314\Lib\site-packages\resend\exceptions.py", line 273, in raise_for_code_and_type
    raise ResendError(
    ...<5 lines>...
    )
resend.exceptions.ResendError: API key is invalid
2026-09-06 22:12:53,291 ERROR Unhandled exception on path=/api/auth/register
Traceback (most recent call last):
  File "C:\Users\ajayi\AppData\Local\Programs\Python\Python314\Lib\site-packages\starlette\middleware\errors.py", line 165, in __call__
    await self.app(scope, receive, _send)
  File "C:\Users\ajayi\AppData\Local\Programs\Python\Python314\Lib\site-packages\starlette\middleware\gzip.py", line 20, in __call__
    await responder(scope, receive, send)
  File "C:\Users\ajayi\AppData\Local\Programs\Python\Python314\Lib\site-packages\starlette\middleware\gzip.py", line 39, in __call__
    await self.app(scope, receive, self.send_with_gzip)
  File "C:\Users\ajayi\AppData\Local\Programs\Python\Python314\Lib\site-packages\starlette\middleware\exceptions.py", line 62, in __call__
    await wrap_app_handling_exceptions(self.app, conn)(scope, receive, send)
  File "C:\Users\ajayi\AppData\Local\Programs\Python\Python314\Lib\site-packages\starlette\_exception_handler.py", line 62, in wrapped_app
    raise exc
  File "C:\Users\ajayi\AppData\Local\Programs\Python\Python314\Lib\site-packages\starlette\_exception_handler.py", line 51, in wrapped_app
    await app(scope, receive, sender)
  File "C:\Users\ajayi\AppData\Local\Programs\Python\Python314\Lib\site-packages\starlette\routing.py", line 715, in __call__
    await self.middleware_stack(scope, receive, send)
  File "C:\Users\ajayi\AppData\Local\Programs\Python\Python314\Lib\site-packages\starlette\routing.py", line 735, in app
    await route.handle(scope, receive, send)
  File "C:\Users\ajayi\AppData\Local\Programs\Python\Python314\Lib\site-packages\starlette\routing.py", line 288, in handle
    await self.app(scope, receive, send)
  File "C:\Users\ajayi\AppData\Local\Programs\Python\Python314\Lib\site-packages\starlette\routing.py", line 76, in app
    await wrap_app_handling_exceptions(app, request)(scope, receive, send)
  File "C:\Users\ajayi\AppData\Local\Programs\Python\Python314\Lib\site-packages\starlette\_exception_handler.py", line 62, in wrapped_app
    raise exc
  File "C:\Users\ajayi\AppData\Local\Programs\Python\Python314\Lib\site-packages\starlette\_exception_handler.py", line 51, in wrapped_app
    await app(scope, receive, sender)
  File "C:\Users\ajayi\AppData\Local\Programs\Python\Python314\Lib\site-packages\starlette\routing.py", line 73, in app
    response = await f(request)
               ^^^^^^^^^^^^^^^^
  File "C:\Users\ajayi\AppData\Local\Programs\Python\Python314\Lib\site-packages\fastapi\routing.py", line 301, in app
    raw_response = await run_endpoint_function(
                   ^^^^^^^^^^^^^^^^^^^^^^^^^^^^
    ...<3 lines>...
    )
    ^
  File "C:\Users\ajayi\AppData\Local\Programs\Python\Python314\Lib\site-packages\fastapi\routing.py", line 212, in run_endpoint_function
    return await dependant.call(**values)
           ^^^^^^^^^^^^^^^^^^^^^^^^^^^^^^
  File "C:\Users\ajayi\OneDrive\Documents\GitHub\travel-7\app.py", line 1370, in customer_register
    send_verification_email(
    ~~~~~~~~~~~~~~~~~~~~~~~^
        email,
        ^^^^^^
        otp
        ^^^
    )
    ^
  File "C:\Users\ajayi\OneDrive\Documents\GitHub\travel-7\app.py", line 337, in send_verification_email
    resend.Emails.send({
    ~~~~~~~~~~~~~~~~~~^^
        "from": "TravelIntel AI <verify@notify.moviewatchtv.fun>",
        ^^^^^^^^^^^^^^^^^^^^^^^^^^^^^^^^^^^^^^^^^^^^^^^^^^^^^^^^^^
    ...<24 lines>...
        """
        ^^^
    })
    ^^
  File "C:\Users\ajayi\AppData\Local\Programs\Python\Python314\Lib\site-packages\resend\emails\_emails.py", line 286, in send
    ).perform_with_content()
      ~~~~~~~~~~~~~~~~~~~~^^
  File "C:\Users\ajayi\AppData\Local\Programs\Python\Python314\Lib\site-packages\resend\request.py", line 70, in perform_with_content
    resp = self.perform()
  File "C:\Users\ajayi\AppData\Local\Programs\Python\Python314\Lib\site-packages\resend\request.py", line 50, in perform
    raise_for_code_and_type(
    ~~~~~~~~~~~~~~~~~~~~~~~^
        code=error_code or 500,
        ^^^^^^^^^^^^^^^^^^^^^^^
    ...<10 lines>...
        headers=self._response_headers,
        ^^^^^^^^^^^^^^^^^^^^^^^^^^^^^^^
    )
    ^
  File "C:\Users\ajayi\AppData\Local\Programs\Python\Python314\Lib\site-packages\resend\exceptions.py", line 273, in raise_for_code_and_type
    raise ResendError(
    ...<5 lines>...
    )
resend.exceptions.ResendError: API key is invalid
2026-09-06 22:13:30,317 ERROR Failed to send verification email to ajayipeter135@gmail.com
Traceback (most recent call last):
  File "C:\Users\ajayi\OneDrive\Documents\GitHub\travel-7\app.py", line 337, in send_verification_email
    resend.Emails.send({
    ~~~~~~~~~~~~~~~~~~^^
        "from": "TravelIntel AI <verify@notify.moviewatchtv.fun>",
        ^^^^^^^^^^^^^^^^^^^^^^^^^^^^^^^^^^^^^^^^^^^^^^^^^^^^^^^^^^
    ...<24 lines>...
        """
        ^^^
    })
    ^^
  File "C:\Users\ajayi\AppData\Local\Programs\Python\Python314\Lib\site-packages\resend\emails\_emails.py", line 286, in send
    ).perform_with_content()
      ~~~~~~~~~~~~~~~~~~~~^^
  File "C:\Users\ajayi\AppData\Local\Programs\Python\Python314\Lib\site-packages\resend\request.py", line 70, in perform_with_content
    resp = self.perform()
  File "C:\Users\ajayi\AppData\Local\Programs\Python\Python314\Lib\site-packages\resend\request.py", line 50, in perform
    raise_for_code_and_type(
    ~~~~~~~~~~~~~~~~~~~~~~~^
        code=error_code or 500,
        ^^^^^^^^^^^^^^^^^^^^^^^
    ...<10 lines>...
        headers=self._response_headers,
        ^^^^^^^^^^^^^^^^^^^^^^^^^^^^^^^
    )
    ^
  File "C:\Users\ajayi\AppData\Local\Programs\Python\Python314\Lib\site-packages\resend\exceptions.py", line 273, in raise_for_code_and_type
    raise ResendError(
    ...<5 lines>...
    )
resend.exceptions.ResendError: API key is invalid
2026-09-06 22:13:30,332 ERROR Unhandled exception on path=/api/auth/register
Traceback (most recent call last):
  File "C:\Users\ajayi\AppData\Local\Programs\Python\Python314\Lib\site-packages\starlette\middleware\errors.py", line 165, in __call__
    await self.app(scope, receive, _send)
  File "C:\Users\ajayi\AppData\Local\Programs\Python\Python314\Lib\site-packages\starlette\middleware\gzip.py", line 20, in __call__
    await responder(scope, receive, send)
  File "C:\Users\ajayi\AppData\Local\Programs\Python\Python314\Lib\site-packages\starlette\middleware\gzip.py", line 39, in __call__
    await self.app(scope, receive, self.send_with_gzip)
  File "C:\Users\ajayi\AppData\Local\Programs\Python\Python314\Lib\site-packages\starlette\middleware\exceptions.py", line 62, in __call__
    await wrap_app_handling_exceptions(self.app, conn)(scope, receive, send)
  File "C:\Users\ajayi\AppData\Local\Programs\Python\Python314\Lib\site-packages\starlette\_exception_handler.py", line 62, in wrapped_app
    raise exc
  File "C:\Users\ajayi\AppData\Local\Programs\Python\Python314\Lib\site-packages\starlette\_exception_handler.py", line 51, in wrapped_app
    await app(scope, receive, sender)
  File "C:\Users\ajayi\AppData\Local\Programs\Python\Python314\Lib\site-packages\starlette\routing.py", line 715, in __call__
    await self.middleware_stack(scope, receive, send)
  File "C:\Users\ajayi\AppData\Local\Programs\Python\Python314\Lib\site-packages\starlette\routing.py", line 735, in app
    await route.handle(scope, receive, send)
  File "C:\Users\ajayi\AppData\Local\Programs\Python\Python314\Lib\site-packages\starlette\routing.py", line 288, in handle
    await self.app(scope, receive, send)
  File "C:\Users\ajayi\AppData\Local\Programs\Python\Python314\Lib\site-packages\starlette\routing.py", line 76, in app
    await wrap_app_handling_exceptions(app, request)(scope, receive, send)
  File "C:\Users\ajayi\AppData\Local\Programs\Python\Python314\Lib\site-packages\starlette\_exception_handler.py", line 62, in wrapped_app
    raise exc
  File "C:\Users\ajayi\AppData\Local\Programs\Python\Python314\Lib\site-packages\starlette\_exception_handler.py", line 51, in wrapped_app
    await app(scope, receive, sender)
  File "C:\Users\ajayi\AppData\Local\Programs\Python\Python314\Lib\site-packages\starlette\routing.py", line 73, in app
    response = await f(request)
               ^^^^^^^^^^^^^^^^
  File "C:\Users\ajayi\AppData\Local\Programs\Python\Python314\Lib\site-packages\fastapi\routing.py", line 301, in app
    raw_response = await run_endpoint_function(
                   ^^^^^^^^^^^^^^^^^^^^^^^^^^^^
    ...<3 lines>...
    )
    ^
  File "C:\Users\ajayi\AppData\Local\Programs\Python\Python314\Lib\site-packages\fastapi\routing.py", line 212, in run_endpoint_function
    return await dependant.call(**values)
           ^^^^^^^^^^^^^^^^^^^^^^^^^^^^^^
  File "C:\Users\ajayi\OneDrive\Documents\GitHub\travel-7\app.py", line 1370, in customer_register
    send_verification_email(
    ~~~~~~~~~~~~~~~~~~~~~~~^
        email,
        ^^^^^^
        otp
        ^^^
    )
    ^
  File "C:\Users\ajayi\OneDrive\Documents\GitHub\travel-7\app.py", line 337, in send_verification_email
    resend.Emails.send({
    ~~~~~~~~~~~~~~~~~~^^
        "from": "TravelIntel AI <verify@notify.moviewatchtv.fun>",
        ^^^^^^^^^^^^^^^^^^^^^^^^^^^^^^^^^^^^^^^^^^^^^^^^^^^^^^^^^^
    ...<24 lines>...
        """
        ^^^
    })
    ^^
  File "C:\Users\ajayi\AppData\Local\Programs\Python\Python314\Lib\site-packages\resend\emails\_emails.py", line 286, in send
    ).perform_with_content()
      ~~~~~~~~~~~~~~~~~~~~^^
  File "C:\Users\ajayi\AppData\Local\Programs\Python\Python314\Lib\site-packages\resend\request.py", line 70, in perform_with_content
    resp = self.perform()
  File "C:\Users\ajayi\AppData\Local\Programs\Python\Python314\Lib\site-packages\resend\request.py", line 50, in perform
    raise_for_code_and_type(
    ~~~~~~~~~~~~~~~~~~~~~~~^
        code=error_code or 500,
        ^^^^^^^^^^^^^^^^^^^^^^^
    ...<10 lines>...
        headers=self._response_headers,
        ^^^^^^^^^^^^^^^^^^^^^^^^^^^^^^^
    )
    ^
  File "C:\Users\ajayi\AppData\Local\Programs\Python\Python314\Lib\site-packages\resend\exceptions.py", line 273, in raise_for_code_and_type
    raise ResendError(
    ...<5 lines>...
    )
resend.exceptions.ResendError: API key is invalid
2026-09-06 22:13:31,775 ERROR Failed to send verification email to ajayipeter135@gmail.com
Traceback (most recent call last):
  File "C:\Users\ajayi\OneDrive\Documents\GitHub\travel-7\app.py", line 337, in send_verification_email
    resend.Emails.send({
    ~~~~~~~~~~~~~~~~~~^^
        "from": "TravelIntel AI <verify@notify.moviewatchtv.fun>",
        ^^^^^^^^^^^^^^^^^^^^^^^^^^^^^^^^^^^^^^^^^^^^^^^^^^^^^^^^^^
    ...<24 lines>...
        """
        ^^^
    })
    ^^
  File "C:\Users\ajayi\AppData\Local\Programs\Python\Python314\Lib\site-packages\resend\emails\_emails.py", line 286, in send
    ).perform_with_content()
      ~~~~~~~~~~~~~~~~~~~~^^
  File "C:\Users\ajayi\AppData\Local\Programs\Python\Python314\Lib\site-packages\resend\request.py", line 70, in perform_with_content
    resp = self.perform()
  File "C:\Users\ajayi\AppData\Local\Programs\Python\Python314\Lib\site-packages\resend\request.py", line 50, in perform
    raise_for_code_and_type(
    ~~~~~~~~~~~~~~~~~~~~~~~^
        code=error_code or 500,
        ^^^^^^^^^^^^^^^^^^^^^^^
    ...<10 lines>...
        headers=self._response_headers,
        ^^^^^^^^^^^^^^^^^^^^^^^^^^^^^^^
    )
    ^
  File "C:\Users\ajayi\AppData\Local\Programs\Python\Python314\Lib\site-packages\resend\exceptions.py", line 273, in raise_for_code_and_type
    raise ResendError(
    ...<5 lines>...
    )
resend.exceptions.ResendError: API key is invalid
2026-09-06 22:13:31,788 ERROR Unhandled exception on path=/api/auth/register
Traceback (most recent call last):
  File "C:\Users\ajayi\AppData\Local\Programs\Python\Python314\Lib\site-packages\starlette\middleware\errors.py", line 165, in __call__
    await self.app(scope, receive, _send)
  File "C:\Users\ajayi\AppData\Local\Programs\Python\Python314\Lib\site-packages\starlette\middleware\gzip.py", line 20, in __call__
    await responder(scope, receive, send)
  File "C:\Users\ajayi\AppData\Local\Programs\Python\Python314\Lib\site-packages\starlette\middleware\gzip.py", line 39, in __call__
    await self.app(scope, receive, self.send_with_gzip)
  File "C:\Users\ajayi\AppData\Local\Programs\Python\Python314\Lib\site-packages\starlette\middleware\exceptions.py", line 62, in __call__
    await wrap_app_handling_exceptions(self.app, conn)(scope, receive, send)
  File "C:\Users\ajayi\AppData\Local\Programs\Python\Python314\Lib\site-packages\starlette\_exception_handler.py", line 62, in wrapped_app
    raise exc
  File "C:\Users\ajayi\AppData\Local\Programs\Python\Python314\Lib\site-packages\starlette\_exception_handler.py", line 51, in wrapped_app
    await app(scope, receive, sender)
  File "C:\Users\ajayi\AppData\Local\Programs\Python\Python314\Lib\site-packages\starlette\routing.py", line 715, in __call__
    await self.middleware_stack(scope, receive, send)
  File "C:\Users\ajayi\AppData\Local\Programs\Python\Python314\Lib\site-packages\starlette\routing.py", line 735, in app
    await route.handle(scope, receive, send)
  File "C:\Users\ajayi\AppData\Local\Programs\Python\Python314\Lib\site-packages\starlette\routing.py", line 288, in handle
    await self.app(scope, receive, send)
  File "C:\Users\ajayi\AppData\Local\Programs\Python\Python314\Lib\site-packages\starlette\routing.py", line 76, in app
    await wrap_app_handling_exceptions(app, request)(scope, receive, send)
  File "C:\Users\ajayi\AppData\Local\Programs\Python\Python314\Lib\site-packages\starlette\_exception_handler.py", line 62, in wrapped_app
    raise exc
  File "C:\Users\ajayi\AppData\Local\Programs\Python\Python314\Lib\site-packages\starlette\_exception_handler.py", line 51, in wrapped_app
    await app(scope, receive, sender)
  File "C:\Users\ajayi\AppData\Local\Programs\Python\Python314\Lib\site-packages\starlette\routing.py", line 73, in app
    response = await f(request)
               ^^^^^^^^^^^^^^^^
  File "C:\Users\ajayi\AppData\Local\Programs\Python\Python314\Lib\site-packages\fastapi\routing.py", line 301, in app
    raw_response = await run_endpoint_function(
                   ^^^^^^^^^^^^^^^^^^^^^^^^^^^^
    ...<3 lines>...
    )
    ^
  File "C:\Users\ajayi\AppData\Local\Programs\Python\Python314\Lib\site-packages\fastapi\routing.py", line 212, in run_endpoint_function
    return await dependant.call(**values)
           ^^^^^^^^^^^^^^^^^^^^^^^^^^^^^^
  File "C:\Users\ajayi\OneDrive\Documents\GitHub\travel-7\app.py", line 1370, in customer_register
    send_verification_email(
    ~~~~~~~~~~~~~~~~~~~~~~~^
        email,
        ^^^^^^
        otp
        ^^^
    )
    ^
  File "C:\Users\ajayi\OneDrive\Documents\GitHub\travel-7\app.py", line 337, in send_verification_email
    resend.Emails.send({
    ~~~~~~~~~~~~~~~~~~^^
        "from": "TravelIntel AI <verify@notify.moviewatchtv.fun>",
        ^^^^^^^^^^^^^^^^^^^^^^^^^^^^^^^^^^^^^^^^^^^^^^^^^^^^^^^^^^
    ...<24 lines>...
        """
        ^^^
    })
    ^^
  File "C:\Users\ajayi\AppData\Local\Programs\Python\Python314\Lib\site-packages\resend\emails\_emails.py", line 286, in send
    ).perform_with_content()
      ~~~~~~~~~~~~~~~~~~~~^^
  File "C:\Users\ajayi\AppData\Local\Programs\Python\Python314\Lib\site-packages\resend\request.py", line 70, in perform_with_content
    resp = self.perform()
  File "C:\Users\ajayi\AppData\Local\Programs\Python\Python314\Lib\site-packages\resend\request.py", line 50, in perform
    raise_for_code_and_type(
    ~~~~~~~~~~~~~~~~~~~~~~~^
        code=error_code or 500,
        ^^^^^^^^^^^^^^^^^^^^^^^
    ...<10 lines>...
        headers=self._response_headers,
        ^^^^^^^^^^^^^^^^^^^^^^^^^^^^^^^
    )
    ^
  File "C:\Users\ajayi\AppData\Local\Programs\Python\Python314\Lib\site-packages\resend\exceptions.py", line 273, in raise_for_code_and_type
    raise ResendError(
    ...<5 lines>...
    )
resend.exceptions.ResendError: API key is invalid
2026-09-06 22:15:00,052 ERROR Failed to send bootstrap administrator credentials
Traceback (most recent call last):
  File "C:\Users\ajayi\OneDrive\Documents\GitHub\travel-7\app.py", line 119, in lifespan
    sent = send_bootstrap_admin_email(bootstrap["email"], bootstrap["username"], os.getenv("DEFAULT_ADMIN_PASSWORD", "TravelIntel#ChangeMe2026"))
  File "C:\Users\ajayi\OneDrive\Documents\GitHub\travel-7\app.py", line 318, in send_bootstrap_admin_email
    resend.Emails.send({
    ~~~~~~~~~~~~~~~~~~^^
        "from": "TravelIntel AI <reset@notify.moviewatchtv.fun>",
        ^^^^^^^^^^^^^^^^^^^^^^^^^^^^^^^^^^^^^^^^^^^^^^^^^^^^^^^^^
    ...<7 lines>...
        <p>If you did not expect this account, contact the system owner immediately.</p>"""
        ^^^^^^^^^^^^^^^^^^^^^^^^^^^^^^^^^^^^^^^^^^^^^^^^^^^^^^^^^^^^^^^^^^^^^^^^^^^^^^^^^^^
    })
    ^^
  File "C:\Users\ajayi\AppData\Local\Programs\Python\Python314\Lib\site-packages\resend\emails\_emails.py", line 286, in send
    ).perform_with_content()
      ~~~~~~~~~~~~~~~~~~~~^^
  File "C:\Users\ajayi\AppData\Local\Programs\Python\Python314\Lib\site-packages\resend\request.py", line 70, in perform_with_content
    resp = self.perform()
  File "C:\Users\ajayi\AppData\Local\Programs\Python\Python314\Lib\site-packages\resend\request.py", line 50, in perform
    raise_for_code_and_type(
    ~~~~~~~~~~~~~~~~~~~~~~~^
        code=error_code or 500,
        ^^^^^^^^^^^^^^^^^^^^^^^
    ...<10 lines>...
        headers=self._response_headers,
        ^^^^^^^^^^^^^^^^^^^^^^^^^^^^^^^
    )
    ^
  File "C:\Users\ajayi\AppData\Local\Programs\Python\Python314\Lib\site-packages\resend\exceptions.py", line 273, in raise_for_code_and_type
    raise ResendError(
    ...<5 lines>...
    )
resend.exceptions.ResendError: API key is invalid
2026-09-06 22:15:06,101 ERROR Failed to send bootstrap administrator credentials
Traceback (most recent call last):
  File "C:\Users\ajayi\OneDrive\Documents\GitHub\travel-7\app.py", line 119, in lifespan
    sent = send_bootstrap_admin_email(bootstrap["email"], bootstrap["username"], os.getenv("DEFAULT_ADMIN_PASSWORD", "TravelIntel#ChangeMe2026"))
  File "C:\Users\ajayi\OneDrive\Documents\GitHub\travel-7\app.py", line 318, in send_bootstrap_admin_email
    resend.Emails.send({
    ~~~~~~~~~~~~~~~~~~^^
        "from": "TravelIntel AI <reset@notify.moviewatchtv.fun>",
        ^^^^^^^^^^^^^^^^^^^^^^^^^^^^^^^^^^^^^^^^^^^^^^^^^^^^^^^^^
    ...<7 lines>...
        <p>If you did not expect this account, contact the system owner immediately.</p>"""
        ^^^^^^^^^^^^^^^^^^^^^^^^^^^^^^^^^^^^^^^^^^^^^^^^^^^^^^^^^^^^^^^^^^^^^^^^^^^^^^^^^^^
    })
    ^^
  File "C:\Users\ajayi\AppData\Local\Programs\Python\Python314\Lib\site-packages\resend\emails\_emails.py", line 286, in send
    ).perform_with_content()
      ~~~~~~~~~~~~~~~~~~~~^^
  File "C:\Users\ajayi\AppData\Local\Programs\Python\Python314\Lib\site-packages\resend\request.py", line 70, in perform_with_content
    resp = self.perform()
  File "C:\Users\ajayi\AppData\Local\Programs\Python\Python314\Lib\site-packages\resend\request.py", line 50, in perform
    raise_for_code_and_type(
    ~~~~~~~~~~~~~~~~~~~~~~~^
        code=error_code or 500,
        ^^^^^^^^^^^^^^^^^^^^^^^
    ...<10 lines>...
        headers=self._response_headers,
        ^^^^^^^^^^^^^^^^^^^^^^^^^^^^^^^
    )
    ^
  File "C:\Users\ajayi\AppData\Local\Programs\Python\Python314\Lib\site-packages\resend\exceptions.py", line 273, in raise_for_code_and_type
    raise ResendError(
    ...<5 lines>...
    )
resend.exceptions.ResendError: API key is invalid
2026-09-06 22:16:18,274 ERROR Failed to send verification email to ajayipeter135@gmail.com
Traceback (most recent call last):
  File "C:\Users\ajayi\OneDrive\Documents\GitHub\travel-7\app.py", line 337, in send_verification_email
    resend.Emails.send({
    ~~~~~~~~~~~~~~~~~~^^
        "from": "TravelIntel AI <verify@notify.moviewatchtv.fun>",
        ^^^^^^^^^^^^^^^^^^^^^^^^^^^^^^^^^^^^^^^^^^^^^^^^^^^^^^^^^^
    ...<24 lines>...
        """
        ^^^
    })
    ^^
  File "C:\Users\ajayi\AppData\Local\Programs\Python\Python314\Lib\site-packages\resend\emails\_emails.py", line 286, in send
    ).perform_with_content()
      ~~~~~~~~~~~~~~~~~~~~^^
  File "C:\Users\ajayi\AppData\Local\Programs\Python\Python314\Lib\site-packages\resend\request.py", line 70, in perform_with_content
    resp = self.perform()
  File "C:\Users\ajayi\AppData\Local\Programs\Python\Python314\Lib\site-packages\resend\request.py", line 50, in perform
    raise_for_code_and_type(
    ~~~~~~~~~~~~~~~~~~~~~~~^
        code=error_code or 500,
        ^^^^^^^^^^^^^^^^^^^^^^^
    ...<10 lines>...
        headers=self._response_headers,
        ^^^^^^^^^^^^^^^^^^^^^^^^^^^^^^^
    )
    ^
  File "C:\Users\ajayi\AppData\Local\Programs\Python\Python314\Lib\site-packages\resend\exceptions.py", line 273, in raise_for_code_and_type
    raise ResendError(
    ...<5 lines>...
    )
resend.exceptions.ResendError: API key is invalid
2026-09-06 22:16:18,278 ERROR Failed to send registration verification email to ajayipeter135@gmail.com
Traceback (most recent call last):
  File "C:\Users\ajayi\OneDrive\Documents\GitHub\travel-7\app.py", line 1371, in customer_register
    send_verification_email(
    ~~~~~~~~~~~~~~~~~~~~~~~^
        email,
        ^^^^^^
        otp
        ^^^
    )
    ^
  File "C:\Users\ajayi\OneDrive\Documents\GitHub\travel-7\app.py", line 337, in send_verification_email
    resend.Emails.send({
    ~~~~~~~~~~~~~~~~~~^^
        "from": "TravelIntel AI <verify@notify.moviewatchtv.fun>",
        ^^^^^^^^^^^^^^^^^^^^^^^^^^^^^^^^^^^^^^^^^^^^^^^^^^^^^^^^^^
    ...<24 lines>...
        """
        ^^^
    })
    ^^
  File "C:\Users\ajayi\AppData\Local\Programs\Python\Python314\Lib\site-packages\resend\emails\_emails.py", line 286, in send
    ).perform_with_content()
      ~~~~~~~~~~~~~~~~~~~~^^
  File "C:\Users\ajayi\AppData\Local\Programs\Python\Python314\Lib\site-packages\resend\request.py", line 70, in perform_with_content
    resp = self.perform()
  File "C:\Users\ajayi\AppData\Local\Programs\Python\Python314\Lib\site-packages\resend\request.py", line 50, in perform
    raise_for_code_and_type(
    ~~~~~~~~~~~~~~~~~~~~~~~^
        code=error_code or 500,
        ^^^^^^^^^^^^^^^^^^^^^^^
    ...<10 lines>...
        headers=self._response_headers,
        ^^^^^^^^^^^^^^^^^^^^^^^^^^^^^^^
    )
    ^
  File "C:\Users\ajayi\AppData\Local\Programs\Python\Python314\Lib\site-packages\resend\exceptions.py", line 273, in raise_for_code_and_type
    raise ResendError(
    ...<5 lines>...
    )
resend.exceptions.ResendError: API key is invalid
2026-09-06 22:27:16,042 ERROR Failed to send bootstrap administrator credentials
Traceback (most recent call last):
  File "C:\Users\ajayi\OneDrive\Documents\GitHub\travel-7\app.py", line 119, in lifespan
    sent = send_bootstrap_admin_email(bootstrap["email"], bootstrap["username"], os.getenv("DEFAULT_ADMIN_PASSWORD", "TravelIntel#ChangeMe2026"))
  File "C:\Users\ajayi\OneDrive\Documents\GitHub\travel-7\app.py", line 318, in send_bootstrap_admin_email
    resend.Emails.send({
    ~~~~~~~~~~~~~~~~~~^^
        "from": "TravelIntel AI <reset@notify.moviewatchtv.fun>",
        ^^^^^^^^^^^^^^^^^^^^^^^^^^^^^^^^^^^^^^^^^^^^^^^^^^^^^^^^^
    ...<7 lines>...
        <p>If you did not expect this account, contact the system owner immediately.</p>"""
        ^^^^^^^^^^^^^^^^^^^^^^^^^^^^^^^^^^^^^^^^^^^^^^^^^^^^^^^^^^^^^^^^^^^^^^^^^^^^^^^^^^^
    })
    ^^
  File "C:\Users\ajayi\AppData\Local\Programs\Python\Python314\Lib\site-packages\resend\emails\_emails.py", line 286, in send
    ).perform_with_content()
      ~~~~~~~~~~~~~~~~~~~~^^
  File "C:\Users\ajayi\AppData\Local\Programs\Python\Python314\Lib\site-packages\resend\request.py", line 70, in perform_with_content
    resp = self.perform()
  File "C:\Users\ajayi\AppData\Local\Programs\Python\Python314\Lib\site-packages\resend\request.py", line 50, in perform
    raise_for_code_and_type(
    ~~~~~~~~~~~~~~~~~~~~~~~^
        code=error_code or 500,
        ^^^^^^^^^^^^^^^^^^^^^^^
    ...<10 lines>...
        headers=self._response_headers,
        ^^^^^^^^^^^^^^^^^^^^^^^^^^^^^^^
    )
    ^
  File "C:\Users\ajayi\AppData\Local\Programs\Python\Python314\Lib\site-packages\resend\exceptions.py", line 273, in raise_for_code_and_type
    raise ResendError(
    ...<5 lines>...
    )
resend.exceptions.ResendError: API key is invalid
2026-09-07 16:13:14,169 WARNING RESEND_API_KEY is not configured; bootstrap admin email was not sent to skalahante@gmail.com
2026-09-07 16:24:58,891 WARNING RESEND_API_KEY is not configured; verification email was not sent to nenelindokuhle810@gmail.com
2026-09-07 16:24:58,891 ERROR Failed to send registration verification email to nenelindokuhle810@gmail.com
Traceback (most recent call last):
  File "C:\Users\ajayi\OneDrive\Documents\GitHub\travel-7\app.py", line 1371, in customer_register
    send_verification_email(
    ~~~~~~~~~~~~~~~~~~~~~~~^
        email,
        ^^^^^^
        otp
        ^^^
    )
    ^
  File "C:\Users\ajayi\OneDrive\Documents\GitHub\travel-7\app.py", line 335, in send_verification_email
    raise RuntimeError("Email service is not configured. Please contact support.")
RuntimeError: Email service is not configured. Please contact support.
2026-09-08 18:19:33,558 WARNING RESEND_API_KEY is not configured; bootstrap admin email was not sent to ajayipeter858@gmail.com
2026-09-08 18:58:28,089 ERROR Manual reviews refresh failed: Cannot add a UNIQUE column
2026-09-08 18:58:49,295 ERROR Manual reviews refresh failed: Cannot add a UNIQUE column
2026-09-08 19:41:53,170 WARNING Admin login failure username=skalahante ip=127.0.0.1
2026-09-08 19:47:33,510 INFO Background review sync merged 0 new review(s).
2026-09-08 20:40:31,047 INFO Background review sync merged 0 new review(s).
2026-09-09 00:32:12,573 INFO Background review sync merged 0 new review(s).
2026-09-09 00:46:13,151 INFO Customer password reset OTP sent to ajayiabel858@gmail.com
2026-09-09 10:42:01,149 ERROR Failed to send verification email to testuser1788943308277@example.com
Traceback (most recent call last):
  File "C:\Users\ajayi\OneDrive\Documents\GitHub\travel-7\app.py", line 343, in send_verification_email
    resend.Emails.send({
    ~~~~~~~~~~~~~~~~~~^^
        "from": "TravelIntel AI <verify@notify.moviewatchtv.fun>",
        ^^^^^^^^^^^^^^^^^^^^^^^^^^^^^^^^^^^^^^^^^^^^^^^^^^^^^^^^^^
    ...<24 lines>...
        """
        ^^^
    })
    ^^
  File "C:\Users\ajayi\AppData\Local\Programs\Python\Python314\Lib\site-packages\resend\emails\_emails.py", line 286, in send
    ).perform_with_content()
      ~~~~~~~~~~~~~~~~~~~~^^
  File "C:\Users\ajayi\AppData\Local\Programs\Python\Python314\Lib\site-packages\resend\request.py", line 70, in perform_with_content
    resp = self.perform()
  File "C:\Users\ajayi\AppData\Local\Programs\Python\Python314\Lib\site-packages\resend\request.py", line 50, in perform
    raise_for_code_and_type(
    ~~~~~~~~~~~~~~~~~~~~~~~^
        code=error_code or 500,
        ^^^^^^^^^^^^^^^^^^^^^^^
    ...<10 lines>...
        headers=self._response_headers,
        ^^^^^^^^^^^^^^^^^^^^^^^^^^^^^^^
    )
    ^
  File "C:\Users\ajayi\AppData\Local\Programs\Python\Python314\Lib\site-packages\resend\exceptions.py", line 266, in raise_for_code_and_type
    raise error_from_list(
    ...<4 lines>...
    )
resend.exceptions.ValidationError: Invalid `to` field. Please use our testing email address instead of domains like `example.com`. See our documentation for more information.
2026-09-09 10:42:01,159 ERROR Failed to send registration verification email to testuser1788943308277@example.com
Traceback (most recent call last):
  File "C:\Users\ajayi\OneDrive\Documents\GitHub\travel-7\app.py", line 1377, in customer_register
    send_verification_email(
    ~~~~~~~~~~~~~~~~~~~~~~~^
        email,
        ^^^^^^
        otp
        ^^^
    )
    ^
  File "C:\Users\ajayi\OneDrive\Documents\GitHub\travel-7\app.py", line 343, in send_verification_email
    resend.Emails.send({
    ~~~~~~~~~~~~~~~~~~^^
        "from": "TravelIntel AI <verify@notify.moviewatchtv.fun>",
        ^^^^^^^^^^^^^^^^^^^^^^^^^^^^^^^^^^^^^^^^^^^^^^^^^^^^^^^^^^
    ...<24 lines>...
        """
        ^^^
    })
    ^^
  File "C:\Users\ajayi\AppData\Local\Programs\Python\Python314\Lib\site-packages\resend\emails\_emails.py", line 286, in send
    ).perform_with_content()
      ~~~~~~~~~~~~~~~~~~~~^^
  File "C:\Users\ajayi\AppData\Local\Programs\Python\Python314\Lib\site-packages\resend\request.py", line 70, in perform_with_content
    resp = self.perform()
  File "C:\Users\ajayi\AppData\Local\Programs\Python\Python314\Lib\site-packages\resend\request.py", line 50, in perform
    raise_for_code_and_type(
    ~~~~~~~~~~~~~~~~~~~~~~~^
        code=error_code or 500,
        ^^^^^^^^^^^^^^^^^^^^^^^
    ...<10 lines>...
        headers=self._response_headers,
        ^^^^^^^^^^^^^^^^^^^^^^^^^^^^^^^
    )
    ^
  File "C:\Users\ajayi\AppData\Local\Programs\Python\Python314\Lib\site-packages\resend\exceptions.py", line 266, in raise_for_code_and_type
    raise error_from_list(
    ...<4 lines>...
    )
resend.exceptions.ValidationError: Invalid `to` field. Please use our testing email address instead of domains like `example.com`. See our documentation for more information.
2026-09-09 10:51:26,601 INFO Customer password reset OTP sent to ajayiabel858@gmail.com
2026-09-09 11:08:05,101 INFO Background review sync merged 0 new review(s).
2026-09-09 11:48:47,226 INFO Background review sync merged 0 new review(s).
2026-09-09 11:56:54,623 ERROR Failed to send password reset email to ajayipeter135@gmail.com
Traceback (most recent call last):
  File "C:\Users\ajayi\OneDrive\Documents\GitHub\travel-7\app.py", line 1815, in request_customer_password_reset
    logger.info("Password reset OTP sent to %s (is_admin=%s)", account_email, int(user.get("is_admin") or 0) == 1)
                                                                                  ^^^^^^^^
AttributeError: 'sqlite3.Row' object has no attribute 'get'
2026-09-09 11:59:59,942 INFO Background review sync merged 0 new review(s).
2026-09-09 12:00:45,305 ERROR Failed to send password reset email to ajayiabel858@gmail.com
Traceback (most recent call last):
  File "C:\Users\ajayi\OneDrive\Documents\GitHub\travel-7\app.py", line 1815, in request_customer_password_reset
    logger.info("Password reset OTP sent to %s (is_admin=%s)", account_email, int(user.get("is_admin") or 0) == 1)
                                                                                  ^^^^^^^^
AttributeError: 'sqlite3.Row' object has no attribute 'get'
2026-09-09 12:00:48,407 ERROR Failed to send password reset email to ajayiabel858@gmail.com
Traceback (most recent call last):
  File "C:\Users\ajayi\OneDrive\Documents\GitHub\travel-7\app.py", line 1815, in request_customer_password_reset
    logger.info("Password reset OTP sent to %s (is_admin=%s)", account_email, int(user.get("is_admin") or 0) == 1)
                                                                                  ^^^^^^^^
AttributeError: 'sqlite3.Row' object has no attribute 'get'
2026-09-09 12:00:50,567 ERROR Failed to send password reset email to ajayiabel858@gmail.com
Traceback (most recent call last):
  File "C:\Users\ajayi\OneDrive\Documents\GitHub\travel-7\app.py", line 1815, in request_customer_password_reset
    logger.info("Password reset OTP sent to %s (is_admin=%s)", account_email, int(user.get("is_admin") or 0) == 1)
                                                                                  ^^^^^^^^
AttributeError: 'sqlite3.Row' object has no attribute 'get'
2026-09-09 12:02:24,277 ERROR Failed to send password reset email to ajayipeter858@gmail.com
Traceback (most recent call last):
  File "C:\Users\ajayi\OneDrive\Documents\GitHub\travel-7\app.py", line 1815, in request_customer_password_reset
    logger.info("Password reset OTP sent to %s (is_admin=%s)", account_email, int(user.get("is_admin") or 0) == 1)
                                                                                  ^^^^^^^^
AttributeError: 'sqlite3.Row' object has no attribute 'get'
2026-09-09 12:08:18,666 INFO Password reset OTP sent to ajayipeter135@gmail.com (is_admin=True)
2026-09-09 12:13:47,073 INFO Password reset OTP sent to ajayiabel858@gmail.com (is_admin=False)
2026-09-09 12:14:17,320 INFO Password reset OTP sent to ajayipeter858@gmail.com (is_admin=True)
2026-09-09 12:16:12,120 INFO Background review sync merged 0 new review(s).
2026-09-09 12:34:29,865 INFO Password reset OTP sent to ajayipeter135@gmail.com (is_admin=True)
2026-09-09 12:55:26,345 INFO Background review sync merged 0 new review(s).
2026-09-09 13:04:25,140 INFO Booking confirmation email sent successfully. booking_id=73 email=ajayiabel858@gmail.com resend_response={'id': '56d9e5e0-fc76-4018-8a68-07324e163fc9', 'http_headers': {'Date': 'Wed, 09 Sep 2026 11:04:28 GMT', 'Content-Type': 'application/json', 'Content-Length': '45', 'Connection': 'keep-alive', 'ratelimit-limit': '10', 'ratelimit-policy': '10;w=1', 'ratelimit-remaining': '9', 'ratelimit-reset': '1', 'x-resend-daily-quota': '13', 'x-resend-monthly-quota': '31', 'cf-cache-status': 'DYNAMIC', 'Server': 'cloudflare', 'CF-RAY': 'a385b657a843f4f0-JNB'}}
2026-09-12 12:04:29,571 INFO Background review sync merged 127 new review(s).
2026-09-13 17:28:26,013 ERROR Failed to send booking confirmation email. booking_id=73 email=atangmaleka4@gmail.com error=Request failed: HTTPSConnectionPool(host='api.resend.com', port=443): Max retries exceeded with url: /emails (Caused by NameResolutionError("HTTPSConnection(host='api.resend.com', port=443): Failed to resolve 'api.resend.com' ([Errno 11001] getaddrinfo failed)"))
Traceback (most recent call last):
  File "C:\Users\ThinkPad\AppData\Local\Python\pythoncore-3.14-64\Lib\site-packages\urllib3\connection.py", line 204, in _new_conn
    sock = connection.create_connection(
        (self._dns_host, self.port),
    ...<2 lines>...
        socket_options=self.socket_options,
    )
  File "C:\Users\ThinkPad\AppData\Local\Python\pythoncore-3.14-64\Lib\site-packages\urllib3\util\connection.py", line 60, in create_connection
    for res in socket.getaddrinfo(host, port, family, socket.SOCK_STREAM):
               ~~~~~~~~~~~~~~~~~~^^^^^^^^^^^^^^^^^^^^^^^^^^^^^^^^^^^^^^^^
  File "C:\Users\ThinkPad\AppData\Local\Python\pythoncore-3.14-64\Lib\socket.py", line 989, in getaddrinfo
    for res in _socket.getaddrinfo(host, port, family, type, proto, flags):
               ~~~~~~~~~~~~~~~~~~~^^^^^^^^^^^^^^^^^^^^^^^^^^^^^^^^^^^^^^^^
socket.gaierror: [Errno 11001] getaddrinfo failed

The above exception was the direct cause of the following exception:

Traceback (most recent call last):
  File "C:\Users\ThinkPad\AppData\Local\Python\pythoncore-3.14-64\Lib\site-packages\urllib3\connectionpool.py", line 788, in urlopen
    response = self._make_request(
        conn,
    ...<10 lines>...
        **response_kw,
    )
  File "C:\Users\ThinkPad\AppData\Local\Python\pythoncore-3.14-64\Lib\site-packages\urllib3\connectionpool.py", line 488, in _make_request
    raise new_e
  File "C:\Users\ThinkPad\AppData\Local\Python\pythoncore-3.14-64\Lib\site-packages\urllib3\connectionpool.py", line 464, in _make_request
    self._validate_conn(conn)
    ~~~~~~~~~~~~~~~~~~~^^^^^^
  File "C:\Users\ThinkPad\AppData\Local\Python\pythoncore-3.14-64\Lib\site-packages\urllib3\connectionpool.py", line 1106, in _validate_conn
    conn.connect()
    ~~~~~~~~~~~~^^
  File "C:\Users\ThinkPad\AppData\Local\Python\pythoncore-3.14-64\Lib\site-packages\urllib3\connection.py", line 759, in connect
    self.sock = sock = self._new_conn()
                       ~~~~~~~~~~~~~~^^
  File "C:\Users\ThinkPad\AppData\Local\Python\pythoncore-3.14-64\Lib\site-packages\urllib3\connection.py", line 211, in _new_conn
    raise NameResolutionError(self.host, self, e) from e
urllib3.exceptions.NameResolutionError: HTTPSConnection(host='api.resend.com', port=443): Failed to resolve 'api.resend.com' ([Errno 11001] getaddrinfo failed)

The above exception was the direct cause of the following exception:

Traceback (most recent call last):
  File "C:\Users\ThinkPad\AppData\Local\Python\pythoncore-3.14-64\Lib\site-packages\requests\adapters.py", line 696, in send
    resp = conn.urlopen(
        method=request.method,
    ...<9 lines>...
        chunked=chunked,
    )
  File "C:\Users\ThinkPad\AppData\Local\Python\pythoncore-3.14-64\Lib\site-packages\urllib3\connectionpool.py", line 842, in urlopen
    retries = retries.increment(
        method, url, error=new_e, _pool=self, _stacktrace=sys.exc_info()[2]
    )
  File "C:\Users\ThinkPad\AppData\Local\Python\pythoncore-3.14-64\Lib\site-packages\urllib3\util\retry.py", line 543, in increment
    raise MaxRetryError(_pool, url, reason) from reason  # type: ignore[arg-type]
    ^^^^^^^^^^^^^^^^^^^^^^^^^^^^^^^^^^^^^^^^^^^^^^^^^^^
urllib3.exceptions.MaxRetryError: HTTPSConnectionPool(host='api.resend.com', port=443): Max retries exceeded with url: /emails (Caused by NameResolutionError("HTTPSConnection(host='api.resend.com', port=443): Failed to resolve 'api.resend.com' ([Errno 11001] getaddrinfo failed)"))

During handling of the above exception, another exception occurred:

Traceback (most recent call last):
  File "C:\Users\ThinkPad\AppData\Local\Python\pythoncore-3.14-64\Lib\site-packages\resend\http_client_requests.py", line 36, in request
    resp = requests.request(
        method=method,
    ...<4 lines>...
        timeout=self._timeout,
    )
  File "C:\Users\ThinkPad\AppData\Local\Python\pythoncore-3.14-64\Lib\site-packages\requests\api.py", line 71, in request
    return session.request(method=method, url=url, **kwargs)
           ~~~~~~~~~~~~~~~^^^^^^^^^^^^^^^^^^^^^^^^^^^^^^^^^^
  File "C:\Users\ThinkPad\AppData\Local\Python\pythoncore-3.14-64\Lib\site-packages\requests\sessions.py", line 651, in request
    resp = self.send(prep, **send_kwargs)
  File "C:\Users\ThinkPad\AppData\Local\Python\pythoncore-3.14-64\Lib\site-packages\requests\sessions.py", line 784, in send
    r = adapter.send(request, **kwargs)
  File "C:\Users\ThinkPad\AppData\Local\Python\pythoncore-3.14-64\Lib\site-packages\requests\adapters.py", line 729, in send
    raise ConnectionError(e, request=request)
requests.exceptions.ConnectionError: HTTPSConnectionPool(host='api.resend.com', port=443): Max retries exceeded with url: /emails (Caused by NameResolutionError("HTTPSConnection(host='api.resend.com', port=443): Failed to resolve 'api.resend.com' ([Errno 11001] getaddrinfo failed)"))

The above exception was the direct cause of the following exception:

Traceback (most recent call last):
  File "C:\Users\ThinkPad\AppData\Local\Python\pythoncore-3.14-64\Lib\site-packages\resend\request.py", line 119, in make_request
    content, status_code, resp_headers = sync_client.request(**kwargs)
                                         ~~~~~~~~~~~~~~~~~~~^^^^^^^^^^
  File "C:\Users\ThinkPad\AppData\Local\Python\pythoncore-3.14-64\Lib\site-packages\resend\http_client_requests.py", line 48, in request
    raise RuntimeError(f"Request failed: {e}") from e
RuntimeError: Request failed: HTTPSConnectionPool(host='api.resend.com', port=443): Max retries exceeded with url: /emails (Caused by NameResolutionError("HTTPSConnection(host='api.resend.com', port=443): Failed to resolve 'api.resend.com' ([Errno 11001] getaddrinfo failed)"))

During handling of the above exception, another exception occurred:

Traceback (most recent call last):
  File "C:\Users\ThinkPad\Documents\GitHub\travel-7\app.py", line 1271, in send_booking_email
    response = resend.Emails.send({
        "from": "TravelIntel AI <bookings@notify.moviewatchtv.fun>",
    ...<3 lines>...
        "text": text,
    })
  File "C:\Users\ThinkPad\AppData\Local\Python\pythoncore-3.14-64\Lib\site-packages\resend\emails\_emails.py", line 512, in send
    ).perform_with_content()
      ~~~~~~~~~~~~~~~~~~~~^^
  File "C:\Users\ThinkPad\AppData\Local\Python\pythoncore-3.14-64\Lib\site-packages\resend\request.py", line 70, in perform_with_content
    resp = self.perform()
  File "C:\Users\ThinkPad\AppData\Local\Python\pythoncore-3.14-64\Lib\site-packages\resend\request.py", line 39, in perform
    data = self.make_request(url=f"{resend.api_url}{self.path}")
  File "C:\Users\ThinkPad\AppData\Local\Python\pythoncore-3.14-64\Lib\site-packages\resend\request.py", line 123, in make_request
    raise ResendError(
    ...<4 lines>...
    )
resend.exceptions.ResendError: Request failed: HTTPSConnectionPool(host='api.resend.com', port=443): Max retries exceeded with url: /emails (Caused by NameResolutionError("HTTPSConnection(host='api.resend.com', port=443): Failed to resolve 'api.resend.com' ([Errno 11001] getaddrinfo failed)"))
2026-09-13 17:28:54,842 INFO Booking confirmation email sent successfully. booking_id=73 email=atangmaleka4@gmail.com resend_response={'id': '3ff345fc-5b08-42ce-bcb4-4b8c5b7c3782', 'http_headers': {'Date': 'Sun, 13 Sep 2026 15:28:55 GMT', 'Content-Type': 'application/json', 'Content-Length': '45', 'Connection': 'keep-alive', 'ratelimit-limit': '10', 'ratelimit-policy': '10;w=1', 'ratelimit-remaining': '9', 'ratelimit-reset': '1', 'x-resend-daily-quota': '1', 'x-resend-monthly-quota': '50', 'cf-cache-status': 'DYNAMIC', 'Server': 'cloudflare', 'CF-RAY': 'a3a82f371dc116d9-JNB'}}
2026-09-13 17:29:12,636 INFO Booking confirmation email sent successfully. booking_id=73 email=atangmaleka4@gmail.com resend_response={'id': 'c8779fe4-d5fb-4a0f-9c05-26c62b4a8034', 'http_headers': {'Date': 'Sun, 13 Sep 2026 15:29:13 GMT', 'Content-Type': 'application/json', 'Content-Length': '45', 'Connection': 'keep-alive', 'ratelimit-limit': '10', 'ratelimit-policy': '10;w=1', 'ratelimit-remaining': '9', 'ratelimit-reset': '1', 'x-resend-daily-quota': '2', 'x-resend-monthly-quota': '51', 'cf-cache-status': 'DYNAMIC', 'Server': 'cloudflare', 'CF-RAY': 'a3a82fa32a85aa15-JNB'}}
2026-09-13 17:29:31,955 INFO Booking confirmation email sent successfully. booking_id=74 email=atangmaleka4@gmail.com resend_response={'id': '8678c1ac-6e26-4c06-8b8a-ce252aa519df', 'http_headers': {'Date': 'Sun, 13 Sep 2026 15:29:32 GMT', 'Content-Type': 'application/json', 'Content-Length': '45', 'Connection': 'keep-alive', 'ratelimit-limit': '10', 'ratelimit-policy': '10;w=1', 'ratelimit-remaining': '9', 'ratelimit-reset': '1', 'x-resend-daily-quota': '3', 'x-resend-monthly-quota': '52', 'cf-cache-status': 'DYNAMIC', 'Server': 'cloudflare', 'CF-RAY': 'a3a8301f6efe421a-JNB'}}
2026-09-13 17:29:44,690 INFO Booking confirmation email sent successfully. booking_id=74 email=atangmaleka4@gmail.com resend_response={'id': '63818e60-f70d-483a-b7f2-f392aba3528d', 'http_headers': {'Date': 'Sun, 13 Sep 2026 15:29:45 GMT', 'Content-Type': 'application/json', 'Content-Length': '45', 'Connection': 'keep-alive', 'ratelimit-limit': '10', 'ratelimit-policy': '10;w=1', 'ratelimit-remaining': '9', 'ratelimit-reset': '1', 'x-resend-daily-quota': '4', 'x-resend-monthly-quota': '53', 'cf-cache-status': 'DYNAMIC', 'Server': 'cloudflare', 'CF-RAY': 'a3a8306ede8e1560-JNB'}}
2026-09-13 17:29:46,125 INFO Booking confirmation email sent successfully. booking_id=74 email=atangmaleka4@gmail.com resend_response={'id': '1c45c3ec-a74f-4bcb-b23f-a2352367251c', 'http_headers': {'Date': 'Sun, 13 Sep 2026 15:29:46 GMT', 'Content-Type': 'application/json', 'Content-Length': '45', 'Connection': 'keep-alive', 'ratelimit-limit': '10', 'ratelimit-policy': '10;w=1', 'ratelimit-remaining': '9', 'ratelimit-reset': '1', 'x-resend-daily-quota': '5', 'x-resend-monthly-quota': '54', 'cf-cache-status': 'DYNAMIC', 'Server': 'cloudflare', 'CF-RAY': 'a3a83077997e3ed5-JNB'}}
2026-09-13 17:29:47,459 INFO Booking confirmation email sent successfully. booking_id=74 email=atangmaleka4@gmail.com resend_response={'id': '583923a5-5cb3-4588-a624-c5cdca8b46b4', 'http_headers': {'Date': 'Sun, 13 Sep 2026 15:29:47 GMT', 'Content-Type': 'application/json', 'Content-Length': '45', 'Connection': 'keep-alive', 'ratelimit-limit': '10', 'ratelimit-policy': '10;w=1', 'ratelimit-remaining': '9', 'ratelimit-reset': '1', 'x-resend-daily-quota': '6', 'x-resend-monthly-quota': '55', 'cf-cache-status': 'DYNAMIC', 'Server': 'cloudflare', 'CF-RAY': 'a3a8307fed5a4530-JNB'}}
2026-09-15 20:42:39,948 ERROR Failed to send booking confirmation email. booking_id=75 email=atangmaleka4@gmail.com error=Request failed: HTTPSConnectionPool(host='api.resend.com', port=443): Max retries exceeded with url: /emails (Caused by NameResolutionError("HTTPSConnection(host='api.resend.com', port=443): Failed to resolve 'api.resend.com' ([Errno 11001] getaddrinfo failed)"))
Traceback (most recent call last):
  File "C:\Users\ThinkPad\AppData\Local\Python\pythoncore-3.14-64\Lib\site-packages\urllib3\connection.py", line 204, in _new_conn
    sock = connection.create_connection(
        (self._dns_host, self.port),
    ...<2 lines>...
        socket_options=self.socket_options,
    )
  File "C:\Users\ThinkPad\AppData\Local\Python\pythoncore-3.14-64\Lib\site-packages\urllib3\util\connection.py", line 60, in create_connection
    for res in socket.getaddrinfo(host, port, family, socket.SOCK_STREAM):
               ~~~~~~~~~~~~~~~~~~^^^^^^^^^^^^^^^^^^^^^^^^^^^^^^^^^^^^^^^^
  File "C:\Users\ThinkPad\AppData\Local\Python\pythoncore-3.14-64\Lib\socket.py", line 989, in getaddrinfo
    for res in _socket.getaddrinfo(host, port, family, type, proto, flags):
               ~~~~~~~~~~~~~~~~~~~^^^^^^^^^^^^^^^^^^^^^^^^^^^^^^^^^^^^^^^^
socket.gaierror: [Errno 11001] getaddrinfo failed

The above exception was the direct cause of the following exception:

Traceback (most recent call last):
  File "C:\Users\ThinkPad\AppData\Local\Python\pythoncore-3.14-64\Lib\site-packages\urllib3\connectionpool.py", line 788, in urlopen
    response = self._make_request(
        conn,
    ...<10 lines>...
        **response_kw,
    )
  File "C:\Users\ThinkPad\AppData\Local\Python\pythoncore-3.14-64\Lib\site-packages\urllib3\connectionpool.py", line 488, in _make_request
    raise new_e
  File "C:\Users\ThinkPad\AppData\Local\Python\pythoncore-3.14-64\Lib\site-packages\urllib3\connectionpool.py", line 464, in _make_request
    self._validate_conn(conn)
    ~~~~~~~~~~~~~~~~~~~^^^^^^
  File "C:\Users\ThinkPad\AppData\Local\Python\pythoncore-3.14-64\Lib\site-packages\urllib3\connectionpool.py", line 1106, in _validate_conn
    conn.connect()
    ~~~~~~~~~~~~^^
  File "C:\Users\ThinkPad\AppData\Local\Python\pythoncore-3.14-64\Lib\site-packages\urllib3\connection.py", line 759, in connect
    self.sock = sock = self._new_conn()
                       ~~~~~~~~~~~~~~^^
  File "C:\Users\ThinkPad\AppData\Local\Python\pythoncore-3.14-64\Lib\site-packages\urllib3\connection.py", line 211, in _new_conn
    raise NameResolutionError(self.host, self, e) from e
urllib3.exceptions.NameResolutionError: HTTPSConnection(host='api.resend.com', port=443): Failed to resolve 'api.resend.com' ([Errno 11001] getaddrinfo failed)

The above exception was the direct cause of the following exception:

Traceback (most recent call last):
  File "C:\Users\ThinkPad\AppData\Local\Python\pythoncore-3.14-64\Lib\site-packages\requests\adapters.py", line 696, in send
    resp = conn.urlopen(
        method=request.method,
    ...<9 lines>...
        chunked=chunked,
    )
  File "C:\Users\ThinkPad\AppData\Local\Python\pythoncore-3.14-64\Lib\site-packages\urllib3\connectionpool.py", line 842, in urlopen
    retries = retries.increment(
        method, url, error=new_e, _pool=self, _stacktrace=sys.exc_info()[2]
    )
  File "C:\Users\ThinkPad\AppData\Local\Python\pythoncore-3.14-64\Lib\site-packages\urllib3\util\retry.py", line 543, in increment
    raise MaxRetryError(_pool, url, reason) from reason  # type: ignore[arg-type]
    ^^^^^^^^^^^^^^^^^^^^^^^^^^^^^^^^^^^^^^^^^^^^^^^^^^^
urllib3.exceptions.MaxRetryError: HTTPSConnectionPool(host='api.resend.com', port=443): Max retries exceeded with url: /emails (Caused by NameResolutionError("HTTPSConnection(host='api.resend.com', port=443): Failed to resolve 'api.resend.com' ([Errno 11001] getaddrinfo failed)"))

During handling of the above exception, another exception occurred:

Traceback (most recent call last):
  File "C:\Users\ThinkPad\AppData\Local\Python\pythoncore-3.14-64\Lib\site-packages\resend\http_client_requests.py", line 36, in request
    resp = requests.request(
        method=method,
    ...<4 lines>...
        timeout=self._timeout,
    )
  File "C:\Users\ThinkPad\AppData\Local\Python\pythoncore-3.14-64\Lib\site-packages\requests\api.py", line 71, in request
    return session.request(method=method, url=url, **kwargs)
           ~~~~~~~~~~~~~~~^^^^^^^^^^^^^^^^^^^^^^^^^^^^^^^^^^
  File "C:\Users\ThinkPad\AppData\Local\Python\pythoncore-3.14-64\Lib\site-packages\requests\sessions.py", line 651, in request
    resp = self.send(prep, **send_kwargs)
  File "C:\Users\ThinkPad\AppData\Local\Python\pythoncore-3.14-64\Lib\site-packages\requests\sessions.py", line 784, in send
    r = adapter.send(request, **kwargs)
  File "C:\Users\ThinkPad\AppData\Local\Python\pythoncore-3.14-64\Lib\site-packages\requests\adapters.py", line 729, in send
    raise ConnectionError(e, request=request)
requests.exceptions.ConnectionError: HTTPSConnectionPool(host='api.resend.com', port=443): Max retries exceeded with url: /emails (Caused by NameResolutionError("HTTPSConnection(host='api.resend.com', port=443): Failed to resolve 'api.resend.com' ([Errno 11001] getaddrinfo failed)"))

The above exception was the direct cause of the following exception:

Traceback (most recent call last):
  File "C:\Users\ThinkPad\AppData\Local\Python\pythoncore-3.14-64\Lib\site-packages\resend\request.py", line 119, in make_request
    content, status_code, resp_headers = sync_client.request(**kwargs)
                                         ~~~~~~~~~~~~~~~~~~~^^^^^^^^^^
  File "C:\Users\ThinkPad\AppData\Local\Python\pythoncore-3.14-64\Lib\site-packages\resend\http_client_requests.py", line 48, in request
    raise RuntimeError(f"Request failed: {e}") from e
RuntimeError: Request failed: HTTPSConnectionPool(host='api.resend.com', port=443): Max retries exceeded with url: /emails (Caused by NameResolutionError("HTTPSConnection(host='api.resend.com', port=443): Failed to resolve 'api.resend.com' ([Errno 11001] getaddrinfo failed)"))

During handling of the above exception, another exception occurred:

Traceback (most recent call last):
  File "C:\Users\ThinkPad\Documents\GitHub\travel-7\app.py", line 1515, in send_booking_email
    response = resend.Emails.send({
        "from": "TravelIntel AI <bookings@notify.moviewatchtv.fun>",
    ...<3 lines>...
        "text": text,
    })
  File "C:\Users\ThinkPad\AppData\Local\Python\pythoncore-3.14-64\Lib\site-packages\resend\emails\_emails.py", line 512, in send
    ).perform_with_content()
      ~~~~~~~~~~~~~~~~~~~~^^
  File "C:\Users\ThinkPad\AppData\Local\Python\pythoncore-3.14-64\Lib\site-packages\resend\request.py", line 70, in perform_with_content
    resp = self.perform()
  File "C:\Users\ThinkPad\AppData\Local\Python\pythoncore-3.14-64\Lib\site-packages\resend\request.py", line 39, in perform
    data = self.make_request(url=f"{resend.api_url}{self.path}")
  File "C:\Users\ThinkPad\AppData\Local\Python\pythoncore-3.14-64\Lib\site-packages\resend\request.py", line 123, in make_request
    raise ResendError(
    ...<4 lines>...
    )
resend.exceptions.ResendError: Request failed: HTTPSConnectionPool(host='api.resend.com', port=443): Max retries exceeded with url: /emails (Caused by NameResolutionError("HTTPSConnection(host='api.resend.com', port=443): Failed to resolve 'api.resend.com' ([Errno 11001] getaddrinfo failed)"))
2026-09-15 20:45:43,819 INFO Booking confirmation email sent successfully. booking_id=75 email=atangmaleka4@gmail.com resend_response={'id': '4cf089f9-04e8-4ccd-ac4f-200bda7e2c40', 'http_headers': {'Date': 'Tue, 15 Sep 2026 18:45:42 GMT', 'Content-Type': 'application/json', 'Content-Length': '45', 'Connection': 'keep-alive', 'ratelimit-limit': '10', 'ratelimit-policy': '10;w=1', 'ratelimit-remaining': '9', 'ratelimit-reset': '1', 'x-resend-daily-quota': '0', 'x-resend-monthly-quota': '56', 'cf-cache-status': 'DYNAMIC', 'Server': 'cloudflare', 'CF-RAY': 'a3b9c9b6695ede16-JNB'}}
2026-09-15 20:46:11,861 INFO Booking confirmation email sent successfully. booking_id=75 email=atangmaleka4@gmail.com resend_response={'id': '665146ca-4e9b-4276-9bfe-d68aac7d1690', 'http_headers': {'Date': 'Tue, 15 Sep 2026 18:46:10 GMT', 'Content-Type': 'application/json', 'Content-Length': '45', 'Connection': 'keep-alive', 'ratelimit-limit': '10', 'ratelimit-policy': '10;w=1', 'ratelimit-remaining': '9', 'ratelimit-reset': '1', 'x-resend-daily-quota': '1', 'x-resend-monthly-quota': '57', 'cf-cache-status': 'DYNAMIC', 'Server': 'cloudflare', 'CF-RAY': 'a3b9cadefd6f599e-JNB'}}
2026-09-15 20:46:59,649 INFO Booking confirmation email sent successfully. booking_id=75 email=atangmaleka4@gmail.com resend_response={'id': 'f41640c1-29ab-4394-8a57-8172abb06e1d', 'http_headers': {'Date': 'Tue, 15 Sep 2026 18:46:57 GMT', 'Content-Type': 'application/json', 'Content-Length': '45', 'Connection': 'keep-alive', 'ratelimit-limit': '10', 'ratelimit-policy': '10;w=1', 'ratelimit-remaining': '9', 'ratelimit-reset': '1', 'x-resend-daily-quota': '2', 'x-resend-monthly-quota': '58', 'cf-cache-status': 'DYNAMIC', 'Server': 'cloudflare', 'CF-RAY': 'a3b9cc0b1f6b4530-JNB'}}
2026-09-15 20:47:43,031 INFO Booking confirmation email sent successfully. booking_id=76 email=atangmaleka4@gmail.com resend_response={'id': '26123c9e-c81b-4319-ba0c-e40d30bad20e', 'http_headers': {'Date': 'Tue, 15 Sep 2026 18:47:42 GMT', 'Content-Type': 'application/json', 'Content-Length': '45', 'Connection': 'keep-alive', 'ratelimit-limit': '10', 'ratelimit-policy': '10;w=1', 'ratelimit-remaining': '9', 'ratelimit-reset': '1', 'x-resend-daily-quota': '3', 'x-resend-monthly-quota': '59', 'cf-cache-status': 'DYNAMIC', 'Server': 'cloudflare', 'CF-RAY': 'a3b9cd1cfc419839-JNB'}}
2026-09-15 21:41:37,229 INFO Password reset OTP sent to atangmaleka4@gmail.com (is_admin=False)
2026-09-15 21:43:49,419 INFO Password reset OTP sent to atangmaleka4@gmail.com (is_admin=False)
2026-09-15 23:14:53,585 WARNING Resend API send failed. to=test_user_verify@example.com subject=Verify your TravelIntel AI account error=Invalid `to` field. Please use our testing email address instead of domains like `example.com`. See our documentation for more information.
2026-09-15 23:14:53,591 INFO Email saved to local outbox (no online delivery available). path=C:\Users\ThinkPad\Documents\GitHub\travel-7\instance\outbox\verify_otp_20260915_231453_86dd04_test_user_verify_example.com.txt
2026-09-15 23:14:54,226 WARNING Resend API send failed. to=test_user_reset@example.com subject=Your TravelIntel AI password reset code error=Invalid `to` field. Please use our testing email address instead of domains like `example.com`. See our documentation for more information.
2026-09-15 23:14:54,230 INFO Email saved to local outbox (no online delivery available). path=C:\Users\ThinkPad\Documents\GitHub\travel-7\instance\outbox\reset_otp_20260915_231454_b40e54_test_user_reset_example.com.txt
2026-09-15 23:14:54,844 WARNING Resend API send failed. to=test_user_booking@example.com subject=✈️ Booking Confirmed — Cape Town | TI-99999 error=Invalid `to` field. Please use our testing email address instead of domains like `example.com`. See our documentation for more information.
2026-09-15 23:14:54,852 INFO Email saved to local outbox (no online delivery available). path=C:\Users\ThinkPad\Documents\GitHub\travel-7\instance\outbox\booking_99999_20260915_231454_1fb183_test_user_booking_example.com.txt
2026-09-15 23:14:55,430 WARNING Resend API send failed. to=test_admin_bootstrap@example.com subject=Your TravelIntel AI administrator account error=Invalid `to` field. Please use our testing email address instead of domains like `example.com`. See our documentation for more information.
2026-09-15 23:14:55,439 INFO Email saved to local outbox (no online delivery available). path=C:\Users\ThinkPad\Documents\GitHub\travel-7\instance\outbox\admin_bootstrap_20260915_231455_5a4cdc_test_admin_bootstrap_example.com.txt
2026-09-15 23:14:56,655 WARNING Resend API send failed. to=test_admin_new@example.com subject=Your TravelIntel AI administrator account is ready error=Invalid `to` field. Please use our testing email address instead of domains like `example.com`. See our documentation for more information.
2026-09-15 23:14:56,662 INFO Email saved to local outbox (no online delivery available). path=C:\Users\ThinkPad\Documents\GitHub\travel-7\instance\outbox\admin_added_20260915_231456_1d9786_test_admin_new_example.com.txt
2026-09-15 23:23:35,744 INFO Email sent successfully via Resend. to=atangmaleka4@gmail.com subject=Your TravelIntel AI password reset code resend_id={'id': '78f560ed-468e-4af4-bd66-0fbe54ce0972', 'http_headers': {'Date': 'Tue, 15 Sep 2026 21:23:32 GMT', 'Content-Type':
2026-09-15 23:23:35,744 INFO Password reset OTP dispatched to atangmaleka4@gmail.com (is_admin=False)
2026-09-15 23:25:21,496 INFO Email sent successfully via Resend. to=ajayiabel858@gmail.com subject=Verify your TravelIntel AI account resend_id={'id': '0cec08e2-2cf6-4823-a649-688dde5a05e8', 'http_headers': {'Date': 'Tue, 15 Sep 2026 21:25:20 GMT', 'Content-Type':
2026-09-15 23:27:54,068 INFO Email sent successfully via Resend. to=ajayiabel858@gmail.com subject=✈️ Booking Confirmed — Zanzibar | TI-00077 resend_id={'id': '7ebb9507-593a-4048-a934-bded60cfcf89', 'http_headers': {'Date': 'Tue, 15 Sep 2026 21:27:53 GMT', 'Content-Type':
2026-09-15 23:29:01,953 INFO Email sent successfully via Resend. to=ajayiabel858@gmail.com subject=✈️ Booking Confirmed — Zanzibar | TI-00077 resend_id={'id': 'c48f0bdb-586e-42e7-b340-753f445391cb', 'http_headers': {'Date': 'Tue, 15 Sep 2026 21:29:01 GMT', 'Content-Type':
2026-09-15 23:29:59,093 INFO Email sent successfully via Resend. to=ajayiabel858@gmail.com subject=✈️ Booking Confirmed — Namibia | TI-00078 resend_id={'id': '07a62419-aa06-401a-abe7-7e7e63c8795a', 'http_headers': {'Date': 'Tue, 15 Sep 2026 21:29:58 GMT', 'Content-Type':
2026-09-15 23:43:22,582 INFO Email sent successfully via Resend. to=ajayiabel858@gmail.com subject=Your TravelIntel AI password reset code resend_id={'id': 'ca0dec73-25a2-4acf-8c2c-eabd0117fd6d', 'http_headers': {'Date': 'Tue, 15 Sep 2026 21:43:22 GMT', 'Content-Type':
2026-09-15 23:43:22,582 INFO Password reset OTP dispatched to ajayiabel858@gmail.com (is_admin=False)
2026-09-16 23:03:01,151 INFO Background review sync merged 0 new review(s).
2026-09-16 23:23:19,986 ERROR Unhandled exception on path=/api/admin/ai-analysis
Traceback (most recent call last):
  File "C:\Users\ajayi\OneDrive\Documents\GitHub\travel-7\venv\Lib\site-packages\starlette\middleware\errors.py", line 165, in __call__
    await self.app(scope, receive, _send)
  File "C:\Users\ajayi\OneDrive\Documents\GitHub\travel-7\venv\Lib\site-packages\starlette\middleware\gzip.py", line 20, in __call__
    await responder(scope, receive, send)
  File "C:\Users\ajayi\OneDrive\Documents\GitHub\travel-7\venv\Lib\site-packages\starlette\middleware\gzip.py", line 39, in __call__
    await self.app(scope, receive, self.send_with_gzip)
  File "C:\Users\ajayi\OneDrive\Documents\GitHub\travel-7\venv\Lib\site-packages\starlette\middleware\exceptions.py", line 62, in __call__
    await wrap_app_handling_exceptions(self.app, conn)(scope, receive, send)
  File "C:\Users\ajayi\OneDrive\Documents\GitHub\travel-7\venv\Lib\site-packages\starlette\_exception_handler.py", line 62, in wrapped_app
    raise exc
  File "C:\Users\ajayi\OneDrive\Documents\GitHub\travel-7\venv\Lib\site-packages\starlette\_exception_handler.py", line 51, in wrapped_app
    await app(scope, receive, sender)
  File "C:\Users\ajayi\OneDrive\Documents\GitHub\travel-7\venv\Lib\site-packages\starlette\routing.py", line 715, in __call__
    await self.middleware_stack(scope, receive, send)
  File "C:\Users\ajayi\OneDrive\Documents\GitHub\travel-7\venv\Lib\site-packages\starlette\routing.py", line 735, in app
    await route.handle(scope, receive, send)
  File "C:\Users\ajayi\OneDrive\Documents\GitHub\travel-7\venv\Lib\site-packages\starlette\routing.py", line 288, in handle
    await self.app(scope, receive, send)
  File "C:\Users\ajayi\OneDrive\Documents\GitHub\travel-7\venv\Lib\site-packages\starlette\routing.py", line 76, in app
    await wrap_app_handling_exceptions(app, request)(scope, receive, send)
  File "C:\Users\ajayi\OneDrive\Documents\GitHub\travel-7\venv\Lib\site-packages\starlette\_exception_handler.py", line 62, in wrapped_app
    raise exc
  File "C:\Users\ajayi\OneDrive\Documents\GitHub\travel-7\venv\Lib\site-packages\starlette\_exception_handler.py", line 51, in wrapped_app
    await app(scope, receive, sender)
  File "C:\Users\ajayi\OneDrive\Documents\GitHub\travel-7\venv\Lib\site-packages\starlette\routing.py", line 73, in app
    response = await f(request)
               ^^^^^^^^^^^^^^^^
  File "C:\Users\ajayi\OneDrive\Documents\GitHub\travel-7\venv\Lib\site-packages\fastapi\routing.py", line 301, in app
    raw_response = await run_endpoint_function(
                   ^^^^^^^^^^^^^^^^^^^^^^^^^^^^
    ...<3 lines>...
    )
    ^
  File "C:\Users\ajayi\OneDrive\Documents\GitHub\travel-7\venv\Lib\site-packages\fastapi\routing.py", line 212, in run_endpoint_function
    return await dependant.call(**values)
           ^^^^^^^^^^^^^^^^^^^^^^^^^^^^^^
  File "C:\Users\ajayi\OneDrive\Documents\GitHub\travel-7\app.py", line 3065, in get_ai_analysis
    c2.execute("""SELECT r.recommendation_id, r.package_id, r.date, r.recommendation_text,
    ~~~~~~~~~~^^^^^^^^^^^^^^^^^^^^^^^^^^^^^^^^^^^^^^^^^^^^^^^^^^^^^^^^^^^^^^^^^^^^^^^^^^^^
                         r.discount_suggested, p.package_name, p.destination
                         ^^^^^^^^^^^^^^^^^^^^^^^^^^^^^^^^^^^^^^^^^^^^^^^^^^^
    ...<3 lines>...
                  ORDER BY r.date DESC, r.discount_suggested DESC
                  ^^^^^^^^^^^^^^^^^^^^^^^^^^^^^^^^^^^^^^^^^^^^^^^
                  LIMIT 20""")
                  ^^^^^^^^^^^^
sqlite3.OperationalError: no such table: Recommendations
2026-09-16 23:24:19,975 ERROR Unhandled exception on path=/api/admin/ai-analysis
Traceback (most recent call last):
  File "C:\Users\ajayi\OneDrive\Documents\GitHub\travel-7\venv\Lib\site-packages\starlette\middleware\errors.py", line 165, in __call__
    await self.app(scope, receive, _send)
  File "C:\Users\ajayi\OneDrive\Documents\GitHub\travel-7\venv\Lib\site-packages\starlette\middleware\gzip.py", line 20, in __call__
    await responder(scope, receive, send)
  File "C:\Users\ajayi\OneDrive\Documents\GitHub\travel-7\venv\Lib\site-packages\starlette\middleware\gzip.py", line 39, in __call__
    await self.app(scope, receive, self.send_with_gzip)
  File "C:\Users\ajayi\OneDrive\Documents\GitHub\travel-7\venv\Lib\site-packages\starlette\middleware\exceptions.py", line 62, in __call__
    await wrap_app_handling_exceptions(self.app, conn)(scope, receive, send)
  File "C:\Users\ajayi\OneDrive\Documents\GitHub\travel-7\venv\Lib\site-packages\starlette\_exception_handler.py", line 62, in wrapped_app
    raise exc
  File "C:\Users\ajayi\OneDrive\Documents\GitHub\travel-7\venv\Lib\site-packages\starlette\_exception_handler.py", line 51, in wrapped_app
    await app(scope, receive, sender)
  File "C:\Users\ajayi\OneDrive\Documents\GitHub\travel-7\venv\Lib\site-packages\starlette\routing.py", line 715, in __call__
    await self.middleware_stack(scope, receive, send)
  File "C:\Users\ajayi\OneDrive\Documents\GitHub\travel-7\venv\Lib\site-packages\starlette\routing.py", line 735, in app
    await route.handle(scope, receive, send)
  File "C:\Users\ajayi\OneDrive\Documents\GitHub\travel-7\venv\Lib\site-packages\starlette\routing.py", line 288, in handle
    await self.app(scope, receive, send)
  File "C:\Users\ajayi\OneDrive\Documents\GitHub\travel-7\venv\Lib\site-packages\starlette\routing.py", line 76, in app
    await wrap_app_handling_exceptions(app, request)(scope, receive, send)
  File "C:\Users\ajayi\OneDrive\Documents\GitHub\travel-7\venv\Lib\site-packages\starlette\_exception_handler.py", line 62, in wrapped_app
    raise exc
  File "C:\Users\ajayi\OneDrive\Documents\GitHub\travel-7\venv\Lib\site-packages\starlette\_exception_handler.py", line 51, in wrapped_app
    await app(scope, receive, sender)
  File "C:\Users\ajayi\OneDrive\Documents\GitHub\travel-7\venv\Lib\site-packages\starlette\routing.py", line 73, in app
    response = await f(request)
               ^^^^^^^^^^^^^^^^
  File "C:\Users\ajayi\OneDrive\Documents\GitHub\travel-7\venv\Lib\site-packages\fastapi\routing.py", line 301, in app
    raw_response = await run_endpoint_function(
                   ^^^^^^^^^^^^^^^^^^^^^^^^^^^^
    ...<3 lines>...
    )
    ^
  File "C:\Users\ajayi\OneDrive\Documents\GitHub\travel-7\venv\Lib\site-packages\fastapi\routing.py", line 212, in run_endpoint_function
    return await dependant.call(**values)
           ^^^^^^^^^^^^^^^^^^^^^^^^^^^^^^
  File "C:\Users\ajayi\OneDrive\Documents\GitHub\travel-7\app.py", line 3065, in get_ai_analysis
    c2.execute("""SELECT r.recommendation_id, r.package_id, r.date, r.recommendation_text,
    ~~~~~~~~~~^^^^^^^^^^^^^^^^^^^^^^^^^^^^^^^^^^^^^^^^^^^^^^^^^^^^^^^^^^^^^^^^^^^^^^^^^^^^
                         r.discount_suggested, p.package_name, p.destination
                         ^^^^^^^^^^^^^^^^^^^^^^^^^^^^^^^^^^^^^^^^^^^^^^^^^^^
    ...<3 lines>...
                  ORDER BY r.date DESC, r.discount_suggested DESC
                  ^^^^^^^^^^^^^^^^^^^^^^^^^^^^^^^^^^^^^^^^^^^^^^^
                  LIMIT 20""")
                  ^^^^^^^^^^^^
sqlite3.OperationalError: no such table: Recommendations
2026-09-16 23:25:19,960 ERROR Unhandled exception on path=/api/admin/ai-analysis
Traceback (most recent call last):
  File "C:\Users\ajayi\OneDrive\Documents\GitHub\travel-7\venv\Lib\site-packages\starlette\middleware\errors.py", line 165, in __call__
    await self.app(scope, receive, _send)
  File "C:\Users\ajayi\OneDrive\Documents\GitHub\travel-7\venv\Lib\site-packages\starlette\middleware\gzip.py", line 20, in __call__
    await responder(scope, receive, send)
  File "C:\Users\ajayi\OneDrive\Documents\GitHub\travel-7\venv\Lib\site-packages\starlette\middleware\gzip.py", line 39, in __call__
    await self.app(scope, receive, self.send_with_gzip)
  File "C:\Users\ajayi\OneDrive\Documents\GitHub\travel-7\venv\Lib\site-packages\starlette\middleware\exceptions.py", line 62, in __call__
    await wrap_app_handling_exceptions(self.app, conn)(scope, receive, send)
  File "C:\Users\ajayi\OneDrive\Documents\GitHub\travel-7\venv\Lib\site-packages\starlette\_exception_handler.py", line 62, in wrapped_app
    raise exc
  File "C:\Users\ajayi\OneDrive\Documents\GitHub\travel-7\venv\Lib\site-packages\starlette\_exception_handler.py", line 51, in wrapped_app
    await app(scope, receive, sender)
  File "C:\Users\ajayi\OneDrive\Documents\GitHub\travel-7\venv\Lib\site-packages\starlette\routing.py", line 715, in __call__
    await self.middleware_stack(scope, receive, send)
  File "C:\Users\ajayi\OneDrive\Documents\GitHub\travel-7\venv\Lib\site-packages\starlette\routing.py", line 735, in app
    await route.handle(scope, receive, send)
  File "C:\Users\ajayi\OneDrive\Documents\GitHub\travel-7\venv\Lib\site-packages\starlette\routing.py", line 288, in handle
    await self.app(scope, receive, send)
  File "C:\Users\ajayi\OneDrive\Documents\GitHub\travel-7\venv\Lib\site-packages\starlette\routing.py", line 76, in app
    await wrap_app_handling_exceptions(app, request)(scope, receive, send)
  File "C:\Users\ajayi\OneDrive\Documents\GitHub\travel-7\venv\Lib\site-packages\starlette\_exception_handler.py", line 62, in wrapped_app
    raise exc
  File "C:\Users\ajayi\OneDrive\Documents\GitHub\travel-7\venv\Lib\site-packages\starlette\_exception_handler.py", line 51, in wrapped_app
    await app(scope, receive, sender)
  File "C:\Users\ajayi\OneDrive\Documents\GitHub\travel-7\venv\Lib\site-packages\starlette\routing.py", line 73, in app
    response = await f(request)
               ^^^^^^^^^^^^^^^^
  File "C:\Users\ajayi\OneDrive\Documents\GitHub\travel-7\venv\Lib\site-packages\fastapi\routing.py", line 301, in app
    raw_response = await run_endpoint_function(
                   ^^^^^^^^^^^^^^^^^^^^^^^^^^^^
    ...<3 lines>...
    )
    ^
  File "C:\Users\ajayi\OneDrive\Documents\GitHub\travel-7\venv\Lib\site-packages\fastapi\routing.py", line 212, in run_endpoint_function
    return await dependant.call(**values)
           ^^^^^^^^^^^^^^^^^^^^^^^^^^^^^^
  File "C:\Users\ajayi\OneDrive\Documents\GitHub\travel-7\app.py", line 3065, in get_ai_analysis
    c2.execute("""SELECT r.recommendation_id, r.package_id, r.date, r.recommendation_text,
    ~~~~~~~~~~^^^^^^^^^^^^^^^^^^^^^^^^^^^^^^^^^^^^^^^^^^^^^^^^^^^^^^^^^^^^^^^^^^^^^^^^^^^^
                         r.discount_suggested, p.package_name, p.destination
                         ^^^^^^^^^^^^^^^^^^^^^^^^^^^^^^^^^^^^^^^^^^^^^^^^^^^
    ...<3 lines>...
                  ORDER BY r.date DESC, r.discount_suggested DESC
                  ^^^^^^^^^^^^^^^^^^^^^^^^^^^^^^^^^^^^^^^^^^^^^^^
                  LIMIT 20""")
                  ^^^^^^^^^^^^
sqlite3.OperationalError: no such table: Recommendations
2026-09-16 23:54:12,274 INFO Background review sync merged 0 new review(s).
2026-09-17 00:34:00,011 ERROR Unhandled exception on path=/api/admin/ai/retrain
Traceback (most recent call last):
  File "C:\Users\ajayi\OneDrive\Documents\GitHub\travel-7\venv\Lib\site-packages\starlette\middleware\errors.py", line 165, in __call__
    await self.app(scope, receive, _send)
  File "C:\Users\ajayi\OneDrive\Documents\GitHub\travel-7\venv\Lib\site-packages\starlette\middleware\gzip.py", line 20, in __call__
    await responder(scope, receive, send)
  File "C:\Users\ajayi\OneDrive\Documents\GitHub\travel-7\venv\Lib\site-packages\starlette\middleware\gzip.py", line 39, in __call__
    await self.app(scope, receive, self.send_with_gzip)
  File "C:\Users\ajayi\OneDrive\Documents\GitHub\travel-7\venv\Lib\site-packages\starlette\middleware\exceptions.py", line 62, in __call__
    await wrap_app_handling_exceptions(self.app, conn)(scope, receive, send)
  File "C:\Users\ajayi\OneDrive\Documents\GitHub\travel-7\venv\Lib\site-packages\starlette\_exception_handler.py", line 62, in wrapped_app
    raise exc
  File "C:\Users\ajayi\OneDrive\Documents\GitHub\travel-7\venv\Lib\site-packages\starlette\_exception_handler.py", line 51, in wrapped_app
    await app(scope, receive, sender)
  File "C:\Users\ajayi\OneDrive\Documents\GitHub\travel-7\venv\Lib\site-packages\starlette\routing.py", line 715, in __call__
    await self.middleware_stack(scope, receive, send)
  File "C:\Users\ajayi\OneDrive\Documents\GitHub\travel-7\venv\Lib\site-packages\starlette\routing.py", line 735, in app
    await route.handle(scope, receive, send)
  File "C:\Users\ajayi\OneDrive\Documents\GitHub\travel-7\venv\Lib\site-packages\starlette\routing.py", line 288, in handle
    await self.app(scope, receive, send)
  File "C:\Users\ajayi\OneDrive\Documents\GitHub\travel-7\venv\Lib\site-packages\starlette\routing.py", line 76, in app
    await wrap_app_handling_exceptions(app, request)(scope, receive, send)
  File "C:\Users\ajayi\OneDrive\Documents\GitHub\travel-7\venv\Lib\site-packages\starlette\_exception_handler.py", line 62, in wrapped_app
    raise exc
  File "C:\Users\ajayi\OneDrive\Documents\GitHub\travel-7\venv\Lib\site-packages\starlette\_exception_handler.py", line 51, in wrapped_app
    await app(scope, receive, sender)
  File "C:\Users\ajayi\OneDrive\Documents\GitHub\travel-7\venv\Lib\site-packages\starlette\routing.py", line 73, in app
    response = await f(request)
               ^^^^^^^^^^^^^^^^
  File "C:\Users\ajayi\OneDrive\Documents\GitHub\travel-7\venv\Lib\site-packages\fastapi\routing.py", line 301, in app
    raw_response = await run_endpoint_function(
                   ^^^^^^^^^^^^^^^^^^^^^^^^^^^^
    ...<3 lines>...
    )
    ^
  File "C:\Users\ajayi\OneDrive\Documents\GitHub\travel-7\venv\Lib\site-packages\fastapi\routing.py", line 212, in run_endpoint_function
    return await dependant.call(**values)
           ^^^^^^^^^^^^^^^^^^^^^^^^^^^^^^
  File "C:\Users\ajayi\OneDrive\Documents\GitHub\travel-7\app.py", line 2643, in retrain_ai_models
    generate_recommendations()
    ~~~~~~~~~~~~~~~~~~~~~~~~^^
  File "C:\Users\ajayi\OneDrive\Documents\GitHub\travel-7\ai_engine.py", line 475, in generate_recommendations
    pkg_reviews = {int(r["package_id"]): {"n": int(r["n"] or 0), "avg": float(r["avg_r"] or 0)}
                   ~~~^^^^^^^^^^^^^^^^^
TypeError: int() argument must be a string, a bytes-like object or a real number, not 'NoneType'
2026-09-17 04:26:26,659 INFO Background review sync merged 0 new review(s).
2026-09-17 04:31:52,102 INFO Email sent successfully via Resend. to=ajayiabel858@gmail.com subject=✈️ Booking Confirmed — Zanzibar | TI-00074 resend_id={'id': '01a0ad34-c102-7570-9482-fca7fc5c051d', 'http_headers': {'Date': 'Thu, 17 Sep 2026 02:31:50 GMT', 'Content-Type':
2026-09-17 04:49:19,948 ERROR Unhandled exception on path=/api/admin/dashboard-stats
Traceback (most recent call last):
  File "C:\Users\ajayi\OneDrive\Documents\GitHub\travel-7\venv\Lib\site-packages\starlette\middleware\errors.py", line 165, in __call__
    await self.app(scope, receive, _send)
  File "C:\Users\ajayi\OneDrive\Documents\GitHub\travel-7\venv\Lib\site-packages\starlette\middleware\gzip.py", line 20, in __call__
    await responder(scope, receive, send)
  File "C:\Users\ajayi\OneDrive\Documents\GitHub\travel-7\venv\Lib\site-packages\starlette\middleware\gzip.py", line 39, in __call__
    await self.app(scope, receive, self.send_with_gzip)
  File "C:\Users\ajayi\OneDrive\Documents\GitHub\travel-7\venv\Lib\site-packages\starlette\middleware\exceptions.py", line 62, in __call__
    await wrap_app_handling_exceptions(self.app, conn)(scope, receive, send)
  File "C:\Users\ajayi\OneDrive\Documents\GitHub\travel-7\venv\Lib\site-packages\starlette\_exception_handler.py", line 62, in wrapped_app
    raise exc
  File "C:\Users\ajayi\OneDrive\Documents\GitHub\travel-7\venv\Lib\site-packages\starlette\_exception_handler.py", line 51, in wrapped_app
    await app(scope, receive, sender)
  File "C:\Users\ajayi\OneDrive\Documents\GitHub\travel-7\venv\Lib\site-packages\starlette\routing.py", line 715, in __call__
    await self.middleware_stack(scope, receive, send)
  File "C:\Users\ajayi\OneDrive\Documents\GitHub\travel-7\venv\Lib\site-packages\starlette\routing.py", line 735, in app
    await route.handle(scope, receive, send)
  File "C:\Users\ajayi\OneDrive\Documents\GitHub\travel-7\venv\Lib\site-packages\starlette\routing.py", line 288, in handle
    await self.app(scope, receive, send)
  File "C:\Users\ajayi\OneDrive\Documents\GitHub\travel-7\venv\Lib\site-packages\starlette\routing.py", line 76, in app
    await wrap_app_handling_exceptions(app, request)(scope, receive, send)
  File "C:\Users\ajayi\OneDrive\Documents\GitHub\travel-7\venv\Lib\site-packages\starlette\_exception_handler.py", line 62, in wrapped_app
    raise exc
  File "C:\Users\ajayi\OneDrive\Documents\GitHub\travel-7\venv\Lib\site-packages\starlette\_exception_handler.py", line 51, in wrapped_app
    await app(scope, receive, sender)
  File "C:\Users\ajayi\OneDrive\Documents\GitHub\travel-7\venv\Lib\site-packages\starlette\routing.py", line 73, in app
    response = await f(request)
               ^^^^^^^^^^^^^^^^
  File "C:\Users\ajayi\OneDrive\Documents\GitHub\travel-7\venv\Lib\site-packages\fastapi\routing.py", line 301, in app
    raw_response = await run_endpoint_function(
                   ^^^^^^^^^^^^^^^^^^^^^^^^^^^^
    ...<3 lines>...
    )
    ^
  File "C:\Users\ajayi\OneDrive\Documents\GitHub\travel-7\venv\Lib\site-packages\fastapi\routing.py", line 212, in run_endpoint_function
    return await dependant.call(**values)
           ^^^^^^^^^^^^^^^^^^^^^^^^^^^^^^
  File "C:\Users\ajayi\OneDrive\Documents\GitHub\travel-7\app.py", line 2791, in get_dashboard_stats
    require_admin(request)
    ~~~~~~~~~~~~~^^^^^^^^^
  File "C:\Users\ajayi\OneDrive\Documents\GitHub\travel-7\app.py", line 470, in require_admin
    session = get_session_from_request(request)
  File "C:\Users\ajayi\OneDrive\Documents\GitHub\travel-7\app.py", line 431, in get_session_from_request
    c.execute("SELECT user_id, role, last_activity FROM Sessions WHERE session_id = ?", (session_id,))
    ~~~~~~~~~^^^^^^^^^^^^^^^^^^^^^^^^^^^^^^^^^^^^^^^^^^^^^^^^^^^^^^^^^^^^^^^^^^^^^^^^^^^^^^^^^^^^^^^^^
sqlite3.OperationalError: no such table: Sessions
2026-09-17 04:49:19,969 ERROR Unhandled exception on path=/api/admin/audit-log
Traceback (most recent call last):
  File "C:\Users\ajayi\OneDrive\Documents\GitHub\travel-7\venv\Lib\site-packages\starlette\middleware\errors.py", line 165, in __call__
    await self.app(scope, receive, _send)
  File "C:\Users\ajayi\OneDrive\Documents\GitHub\travel-7\venv\Lib\site-packages\starlette\middleware\gzip.py", line 20, in __call__
    await responder(scope, receive, send)
  File "C:\Users\ajayi\OneDrive\Documents\GitHub\travel-7\venv\Lib\site-packages\starlette\middleware\gzip.py", line 39, in __call__
    await self.app(scope, receive, self.send_with_gzip)
  File "C:\Users\ajayi\OneDrive\Documents\GitHub\travel-7\venv\Lib\site-packages\starlette\middleware\exceptions.py", line 62, in __call__
    await wrap_app_handling_exceptions(self.app, conn)(scope, receive, send)
  File "C:\Users\ajayi\OneDrive\Documents\GitHub\travel-7\venv\Lib\site-packages\starlette\_exception_handler.py", line 62, in wrapped_app
    raise exc
  File "C:\Users\ajayi\OneDrive\Documents\GitHub\travel-7\venv\Lib\site-packages\starlette\_exception_handler.py", line 51, in wrapped_app
    await app(scope, receive, sender)
  File "C:\Users\ajayi\OneDrive\Documents\GitHub\travel-7\venv\Lib\site-packages\starlette\routing.py", line 715, in __call__
    await self.middleware_stack(scope, receive, send)
  File "C:\Users\ajayi\OneDrive\Documents\GitHub\travel-7\venv\Lib\site-packages\starlette\routing.py", line 735, in app
    await route.handle(scope, receive, send)
  File "C:\Users\ajayi\OneDrive\Documents\GitHub\travel-7\venv\Lib\site-packages\starlette\routing.py", line 288, in handle
    await self.app(scope, receive, send)
  File "C:\Users\ajayi\OneDrive\Documents\GitHub\travel-7\venv\Lib\site-packages\starlette\routing.py", line 76, in app
    await wrap_app_handling_exceptions(app, request)(scope, receive, send)
  File "C:\Users\ajayi\OneDrive\Documents\GitHub\travel-7\venv\Lib\site-packages\starlette\_exception_handler.py", line 62, in wrapped_app
    raise exc
  File "C:\Users\ajayi\OneDrive\Documents\GitHub\travel-7\venv\Lib\site-packages\starlette\_exception_handler.py", line 51, in wrapped_app
    await app(scope, receive, sender)
  File "C:\Users\ajayi\OneDrive\Documents\GitHub\travel-7\venv\Lib\site-packages\starlette\routing.py", line 73, in app
    response = await f(request)
               ^^^^^^^^^^^^^^^^
  File "C:\Users\ajayi\OneDrive\Documents\GitHub\travel-7\venv\Lib\site-packages\fastapi\routing.py", line 301, in app
    raw_response = await run_endpoint_function(
                   ^^^^^^^^^^^^^^^^^^^^^^^^^^^^
    ...<3 lines>...
    )
    ^
  File "C:\Users\ajayi\OneDrive\Documents\GitHub\travel-7\venv\Lib\site-packages\fastapi\routing.py", line 212, in run_endpoint_function
    return await dependant.call(**values)
           ^^^^^^^^^^^^^^^^^^^^^^^^^^^^^^
  File "C:\Users\ajayi\OneDrive\Documents\GitHub\travel-7\app.py", line 2894, in get_admin_audit_log
    require_admin(request)
    ~~~~~~~~~~~~~^^^^^^^^^
  File "C:\Users\ajayi\OneDrive\Documents\GitHub\travel-7\app.py", line 470, in require_admin
    session = get_session_from_request(request)
  File "C:\Users\ajayi\OneDrive\Documents\GitHub\travel-7\app.py", line 431, in get_session_from_request
    c.execute("SELECT user_id, role, last_activity FROM Sessions WHERE session_id = ?", (session_id,))
    ~~~~~~~~~^^^^^^^^^^^^^^^^^^^^^^^^^^^^^^^^^^^^^^^^^^^^^^^^^^^^^^^^^^^^^^^^^^^^^^^^^^^^^^^^^^^^^^^^^
sqlite3.OperationalError: no such table: Sessions
2026-09-17 04:55:20,372 INFO Email sent successfully via Resend. to=skalahante@gmail.com subject=Your TravelIntel AI administrator account resend_id={'id': '01a0ad4a-3df2-777d-89f0-f20f353ce777', 'http_headers': {'Date': 'Thu, 17 Sep 2026 02:55:19 GMT', 'Content-Type':
2026-09-17 04:58:13,022 INFO Admin login success username=skalahante ip=127.0.0.1
2026-09-17 04:59:00,209 INFO Admin login success username=skalahante ip=127.0.0.1
2026-09-17 05:00:22,180 INFO Admin login success username=skalahante ip=127.0.0.1
2026-09-17 08:35:18,067 INFO Background review sync merged 124 new review(s).
2026-09-17 09:11:44,211 INFO Background review sync merged 0 new review(s).
2026-09-17 09:15:40,369 INFO Background review sync merged 0 new review(s).
2026-09-17 09:32:39,904 INFO Background review sync merged 0 new review(s).
2026-09-17 11:26:14,516 INFO Background review sync merged 0 new review(s).
2026-09-17 11:38:12,598 INFO Background review sync merged 0 new review(s).
2026-09-17 12:07:17,794 INFO Background review sync merged 0 new review(s).
2026-09-17 12:25:25,269 INFO Background review sync merged 0 new review(s).
